seed,dataset,model,method,order_protocol,n_samples,accuracy,balanced_accuracy,precision,recall,f1,privileged_positive_rate,unprivileged_positive_rate,demographic_parity_ratio,demographic_parity_difference,privileged_tpr,unprivileged_tpr,privileged_fpr,unprivileged_fpr,tpr_gap,fpr_gap,equalized_odds_gap,fairness_pass,roc_auc,intervention_rate,total_interventions,rolling_avg_dpr,rolling_min_dpr,rolling_fair_rate,rolling_max_eo_gap,rolling_tail_avg_dpr,rolling_tail_fair_rate,rolling_tail_max_eo_gap,accuracy_delta_vs_base,dpr_delta_vs_base,eo_gap_delta_vs_base,intervention_delta_vs_base,guard_activation_rate,guard_activation_events,guard_candidate_rate,guard_accept_rate,guard_accept_given_candidate,base_accuracy,base_demographic_parity_ratio,coda_threshold_updates,coda_damping_events,coda_lambda_mean,coda_lambda_max,coda_lambda_final,coda_dpr_mean,coda_dpr_std,coda_tau_initial_group_0,coda_tau_final_group_0,coda_tau_mean_group_0,coda_tau_range_group_0,coda_tau_initial_group_1,coda_tau_final_group_1,coda_tau_mean_group_1,coda_tau_range_group_1
42,adult,xgboost,base_model,natural,6513.0,0.8694917856594503,0.7923237887167001,0.7761538461538462,0.6434948979591837,0.7036262203626221,0.25779816513761467,0.08174640037157455,0.31709457795379453,-0.17605176476604012,0.6511278195488722,0.6008403361344538,0.08514851485148515,0.01723237597911227,-0.050287483414418466,-0.06791613887237288,0.06791613887237288,0.0,0.9212129341119664,0.0,0.0,0.35548417892122186,0.0,0.0821434054966989,1.0,0.3574121901091514,0.0824694414358657,1.0,0.0,0.0,0.0,0.0,,,,,,,,,,,,,,,,,,,,,,
42,adult,xgboost,group_threshold,natural,6513.0,0.8616612927990174,0.7712701966529787,0.7767634854771784,0.5969387755102041,0.6750811395600433,0.20711009174311926,0.14026939154667906,0.6772697089075534,-0.0668407001964402,0.5631578947368421,0.7857142857142857,0.050825082508250824,0.06005221932114883,0.22255639097744362,0.009227136812898003,0.22255639097744362,0.0,0.9212129341119664,0.05327805926608322,347.0,0.8085953137646376,0.0,0.38031629049593124,1.0,0.8066743835534234,0.378152560730311,0.9166666666666666,-0.007830492860432914,0.3601751309537589,0.15464025210507074,0.05327805926608322,,,,,,,,,,,,,,,,,,,,,,
42,adult,xgboost,guard_threshold,natural,6513.0,0.8647320743129127,0.778736574255587,0.7781376518218623,0.6128826530612245,0.6856938993935069,0.21834862385321102,0.13144449605202044,0.6019937004063121,-0.08690412780119058,0.5849624060150376,0.7689075630252101,0.05742574257425743,0.05221932114882506,0.18394515701017256,-0.005206421425432366,0.18394515701017256,0.0,0.9212129341119664,0.04283740211883925,279.0,0.7191213474444048,0.0,0.2972516505450637,1.0,0.7238029843765295,0.29924183815565525,0.9166666666666666,-0.004759711346537632,0.28489912245251753,0.11602901813779967,0.04283740211883925,0.8177491171503147,211.0,0.05327805926608322,0.04283740211883925,0.8040345821325648,,,,,,,,,,,,,,,,,
42,adult,xgboost,universal_rl,natural,6513.0,0.828650391524643,0.7708720672293184,0.6398514851485149,0.6594387755102041,0.6494974874371859,0.25779816513761467,0.22851834649326522,0.8864234792799256,-0.029279818644349448,0.6511278195488722,0.7058823529411765,0.08514851485148515,0.1691906005221932,0.054754533392304294,0.08404208567070805,0.08404208567070805,1.0,0.9212129341119664,0.048518347919545526,316.0,0.9276194279539267,0.0,0.6302779057270075,1.0,0.9271510286974995,0.6286554231780906,1.0,-0.04084139413480725,0.5693289013261311,0.016125946798335164,0.048518347919545526,,,,,,0.8694917856594503,0.31709457795379453,,,,,,,,,,,,,,,
42,adult,xgboost,coda,natural,6513.0,0.852141870105942,0.7706631363364355,0.7293404094010614,0.6135204081632653,0.6664357464496017,0.21284403669724772,0.18160705991639572,0.8532400659865144,-0.031236976780851994,0.5729323308270676,0.8403361344537815,0.05478547854785479,0.09973890339425587,0.2674038036267139,0.04495342484640108,0.2674038036267139,1.0,0.9212129341119664,0.06310456011054813,411.0,1.034694212738775,0.0,0.5079072623982803,1.0,1.0345224616933828,0.5067306204548971,0.9166666666666666,-0.01734991555350829,0.5361454880327199,0.19948766475434102,0.06310456011054813,,,,,,,,4829.0,2229.0,4.253923455469827,5.0,1.9802985473739532,0.7099342052501033,0.1810625358726491,0.25,0.13033174720468235,0.1375537427315135,0.11999999999999994,0.6,0.6282436927372296,0.5901499537550662,0.1807595965726826
42,adult,xgboost,base_model,privileged_first,6513.0,0.8694917856594503,0.7923237887167001,0.7761538461538462,0.6434948979591837,0.7036262203626221,0.25779816513761467,0.08174640037157455,0.31709457795379453,-0.17605176476604012,0.6511278195488722,0.6008403361344538,0.08514851485148515,0.01723237597911227,-0.050287483414418466,-0.06791613887237288,0.06791613887237288,0.0,0.9212129341119664,0.0,0.0,0.0015232315518733186,0.0,0.0007676953784738216,1.0,0.0012255619831890645,0.0004641807210273867,1.0,0.0,0.0,0.0,0.0,,,,,,,,,,,,,,,,,,,,,,
42,adult,xgboost,group_threshold,privileged_first,6513.0,0.8616612927990174,0.7712701966529787,0.7767634854771784,0.5969387755102041,0.6750811395600433,0.20711009174311926,0.14026939154667906,0.6772697089075534,-0.0668407001964402,0.5631578947368421,0.7857142857142857,0.050825082508250824,0.06005221932114883,0.22255639097744362,0.009227136812898003,0.22255639097744362,0.0,0.9212129341119664,0.05327805926608322,347.0,0.0038037173324711507,0.0,0.0009212344541685859,1.0,0.003523690389352407,0.0006189076280365155,1.0,-0.007830492860432914,0.3601751309537589,0.15464025210507074,0.05327805926608322,,,,,,,,,,,,,,,,,,,,,,
42,adult,xgboost,guard_threshold,privileged_first,6513.0,0.8618148318747121,0.7728956661026393,0.7742200328407225,0.6014030612244898,0.6769562096195263,0.21467889908256882,0.13098002786809104,0.6101206426334155,-0.08369887121447778,0.5736842105263158,0.7563025210084033,0.057095709570957096,0.053263707571801565,0.18261831048208754,-0.0038320019991555307,0.18261831048208754,0.0,0.9212129341119664,0.04514048825426071,294.0,0.0038037173324711507,0.0,0.0009212344541685859,1.0,0.003523690389352407,0.0006189076280365155,1.0,-0.007676953784738205,0.29302606467962095,0.11470217160971466,0.04514048825426071,0.8856133886074006,181.0,0.05327805926608322,0.04514048825426071,0.8472622478386167,,,,,,,,,,,,,,,,,
42,adult,xgboost,universal_rl,privileged_first,6513.0,0.6381083985874405,0.6595465296836631,0.36792768664211584,0.7008928571428571,0.4825466520307354,0.25779816513761467,0.8653042266604738,3.35651817459045,0.6075060615228591,0.6511278195488722,0.9789915966386554,0.08514851485148515,0.8511749347258486,0.3278637770897832,0.7660264198743635,0.7660264198743635,1.0,0.9212129341119664,0.2590204206970674,1687.0,0.009384404407812979,0.0,0.007216336557653923,1.0,0.009147551587201907,0.0069627108154108,1.0,-0.23138338707200978,3.0394235966366554,0.6981102810019906,0.2590204206970674,,,,,,0.8694917856594503,0.31709457795379453,,,,,,,,,,,,,,,
42,adult,xgboost,coda,privileged_first,6513.0,0.8504529402732995,0.7665021873258909,0.728110599078341,0.6045918367346939,0.6606271777003484,0.20711009174311926,0.18532280538783094,0.8948033571328272,-0.021787286355288316,0.5631578947368421,0.8361344537815126,0.050825082508250824,0.10443864229765012,0.27297655904467055,0.0536135597893993,0.27297655904467055,1.0,0.9212129341119664,0.06817134960847536,444.0,0.003835120721128579,0.0,0.0009212344541685859,1.0,0.0035553367254696636,0.0006189076280365155,1.0,-0.01903884538615075,0.5777087791790327,0.20506042017229767,0.06817134960847536,,,,,,,,1537.0,170.0,1.2113491555693408,5.0,4.931850001890624,0.5205598322229555,0.2091685618642477,0.25,0.13000000000000006,0.21126711990972735,0.11999999999999994,0.6,0.72,0.6355353009520939,0.12
42,adult,xgboost,base_model,unprivileged_first,6513.0,0.8694917856594503,0.7923237887167001,0.7761538461538462,0.6434948979591837,0.7036262203626221,0.25779816513761467,0.08174640037157455,0.31709457795379453,-0.17605176476604012,0.6511278195488722,0.6008403361344538,0.08514851485148515,0.01723237597911227,-0.050287483414418466,-0.06791613887237288,0.06791613887237288,0.0,0.9212129341119664,0.0,0.0,0.0035858169557007723,0.0,0.001996007984031936,1.0,0.0020662890039423072,0.0004641807210273867,1.0,0.0,0.0,0.0,0.0,,,,,,,,,,,,,,,,,,,,,,
42,adult,xgboost,group_threshold,unprivileged_first,6513.0,0.8616612927990174,0.7712701966529787,0.7767634854771784,0.5969387755102041,0.6750811395600433,0.20711009174311926,0.14026939154667906,0.6772697089075534,-0.0668407001964402,0.5631578947368421,0.7857142857142857,0.050825082508250824,0.06005221932114883,0.22255639097744362,0.009227136812898003,0.22255639097744362,0.0,0.9212129341119664,0.05327805926608322,347.0,0.005747462439137078,0.0,0.004145555043758637,1.0,0.005791926793455021,0.00417762648924648,1.0,-0.007830492860432914,0.3601751309537589,0.15464025210507074,0.05327805926608322,,,,,,,,,,,,,,,,,,,,,,
42,adult,xgboost,guard_threshold,unprivileged_first,6513.0,0.8635037617073545,0.7735723700501433,0.7822111388196176,0.6001275510204082,0.6791771923493324,0.21123853211009175,0.13098002786809104,0.6200574609173474,-0.0802585042420007,0.5729323308270676,0.7521008403361344,0.05247524752475247,0.05378590078328982,0.17916850950906682,0.0013106532585373462,0.17916850950906682,0.0,0.9212129341119664,0.04744357438968217,309.0,0.007282853196084721,0.0,0.00568094580070628,1.0,0.005791926793455021,0.00417762648924648,1.0,-0.0059880239520957446,0.30296288296355284,0.11125237063669394,0.04744357438968217,0.8830032243205896,182.0,0.05327805926608322,0.04744357438968217,0.8904899135446686,,,,,,,,,,,,,,,,,
42,adult,xgboost,universal_rl,unprivileged_first,6513.0,0.6061722708429296,0.6391684808402633,0.34426741643236486,0.7028061224489796,0.4621513944223108,0.25779816513761467,0.9647004180213655,3.74207635460245,0.7069022528837509,0.6511278195488722,0.9915966386554622,0.08514851485148515,0.9613577023498695,0.34046881910659,0.8762091874983844,0.8762091874983844,1.0,0.9212129341119664,0.29187778289574695,1901.0,0.022336604562876,0.0,0.007369875633348687,1.0,0.02235468134272186,0.007272164629429058,1.0,-0.2633195148165207,3.4249817766486554,0.8082930486260115,0.29187778289574695,,,,,,0.8694917856594503,0.31709457795379453,,,,,,,,,,,,,,,
42,adult,xgboost,coda,unprivileged_first,6513.0,0.855980346998311,0.7514144105569427,0.7879341864716636,0.5497448979591837,0.64763335837716,0.181651376146789,0.14026939154667906,0.7721900847771725,-0.041381984600109945,0.5075187969924813,0.7857142857142857,0.03861386138613861,0.06005221932114883,0.27819548872180444,0.021438357935010213,0.27819548872180444,0.0,0.9212129341119664,0.07032089666820206,458.0,0.005747462439137078,0.0,0.004145555043758637,1.0,0.005791926793455021,0.00417762648924648,1.0,-0.013511438661139241,0.455095506823378,0.21027934984943156,0.07032089666820206,,,,,,,,2708.0,1764.0,2.6966051326800327,5.0,4.247582541241111,0.6068451411789039,0.266162357603742,0.25,0.13000745704574643,0.17670152191075664,0.11999999999999994,0.6,0.6664191349731433,0.6332028525020496,0.10873081589931022
42,compas,xgboost,base_model,natural,2648.0,0.7061933534743202,0.7061632895217232,0.7034023668639053,0.7161144578313253,0.7097014925373135,0.667,0.41565533980582525,0.6231714239967395,-0.2513446601941748,0.8479427549194991,0.6202860858257477,0.4376417233560091,0.2366325369738339,-0.22765666909375137,-0.2010091863821752,0.22765666909375137,0.0,0.7761420682730924,0.0,0.0,0.6446708347324672,0.0,0.19977341389728095,1.0,0.6483223354665214,0.20284834488067743,0.7564102564102564,0.0,0.0,0.0,0.0,,,,,,,,,,,,,,,,,,,,,,
42,compas,xgboost,group_threshold,natural,2648.0,0.6948640483383686,0.6950278386272362,0.7199661590524534,0.6408132530120482,0.6780876494023904,0.497,0.41565533980582525,0.8363286515207752,-0.08134466019417474,0.669051878354204,0.6202860858257477,0.2789115646258503,0.2366325369738339,-0.04876579252845625,-0.04227902765201641,0.04876579252845625,1.0,0.7761420682730924,0.06419939577039276,170.0,0.8997789805866899,0.0,0.5290785498489426,1.0,0.9083401838968455,0.5384911470361817,0.6923076923076923,-0.01132930513595165,0.21315722752403565,-0.17889087656529512,0.06419939577039276,,,,,,,,,,,,,,,,,,,,,,
42,compas,xgboost,guard_threshold,natural,2648.0,0.7001510574018127,0.7002601314348302,0.7170731707317073,0.6641566265060241,0.689601250977326,0.545,0.41565533980582525,0.7626703482675692,-0.1293446601941748,0.7245080500894454,0.6202860858257477,0.31746031746031744,0.2366325369738339,-0.10422196426369768,-0.08082778048648354,0.10422196426369768,0.0,0.7761420682730924,0.04607250755287009,122.0,0.8087094384506575,0.0,0.4195619335347432,1.0,0.815517956192375,0.4268668206312548,0.6923076923076923,-0.0060422960725075026,0.13949892427082966,-0.1234347048300537,0.04607250755287009,0.7552870090634441,88.0,0.06419939577039276,0.04607250755287009,0.7176470588235294,,,,,,,,,,,,,,,,,
42,compas,xgboost,universal_rl,natural,2648.0,0.6491691842900302,0.6485989412194231,0.6093150684931506,0.8373493975903614,0.705359974627339,0.667,0.7026699029126213,1.0534781153112762,0.03566990291262129,0.8479427549194991,0.8296488946684005,0.4376417233560091,0.5915813424345847,-0.01829386025109858,0.15393961907857562,0.15393961907857562,1.0,0.7761420682730924,0.17862537764350453,473.0,1.0657203080926678,0.0,0.9935800604229608,1.0,1.0664934970051843,0.9949961508852964,0.7272727272727273,-0.057024169184289986,0.4303066913145367,-0.07371705001517576,0.17862537764350453,,,,,,0.7061933534743202,0.6231714239967395,,,,,,,,,,,,,,,
42,compas,xgboost,coda,natural,2648.0,0.7020392749244713,0.7019669587440671,0.6940244780417567,0.7259036144578314,0.7096061832903938,0.532,0.5200242718446602,0.9774892327907145,-0.011975728155339871,0.7048300536672629,0.741222366710013,0.3129251700680272,0.3265073947667804,0.036392313042750035,0.013582224698753198,0.036392313042750035,1.0,0.7761420682730924,0.11669184290030211,309.0,1.0646276081363153,0.0,0.6910876132930514,1.0,1.0763614178273335,0.7036181678214011,0.7028985507246377,-0.00415407854984895,0.354317808793975,-0.19126435605100134,0.11669184290030211,,,,,,,,2056.0,493.0,0.9995707632689306,3.9945958150064387,0.49521114907397606,0.8161762265830885,0.13866950972224915,0.5,0.3832342223178074,0.42757034902809743,0.11999999999999972,0.6,0.5276902358837974,0.5769995206255912,0.1287339294346994
42,compas,xgboost,base_model,privileged_first,2648.0,0.7061933534743202,0.7061632895217232,0.7034023668639053,0.7161144578313253,0.7097014925373135,0.667,0.41565533980582525,0.6231714239967395,-0.2513446601941748,0.8479427549194991,0.6202860858257477,0.4376417233560091,0.2366325369738339,-0.22765666909375137,-0.2010091863821752,0.22765666909375137,0.0,0.7761420682730924,0.0,0.0,0.008072076764146188,0.0,0.0,1.0,0.008227428510954237,0.0,1.0,0.0,0.0,0.0,0.0,,,,,,,,,,,,,,,,,,,,,,
42,compas,xgboost,group_threshold,privileged_first,2648.0,0.6948640483383686,0.6950278386272362,0.7199661590524534,0.6408132530120482,0.6780876494023904,0.497,0.41565533980582525,0.8363286515207752,-0.08134466019417474,0.669051878354204,0.6202860858257477,0.2789115646258503,0.2366325369738339,-0.04876579252845625,-0.04227902765201641,0.04876579252845625,1.0,0.7761420682730924,0.06419939577039276,170.0,0.01223031550168482,0.0,0.0030211480362537764,1.0,0.012465694937821943,0.003079291762894534,0.8857142857142857,-0.01132930513595165,0.21315722752403565,-0.17889087656529512,0.06419939577039276,,,,,,,,,,,,,,,,,,,,,,
42,compas,xgboost,guard_threshold,privileged_first,2648.0,0.6975075528700906,0.6975857977364002,0.7096260938743039,0.6716867469879518,0.6901353965183752,0.572,0.41565533980582525,0.7266701744857086,-0.1563446601941747,0.7423971377459749,0.6202860858257477,0.35600907029478457,0.2366325369738339,-0.1221110519202272,-0.11937653332095066,0.1221110519202272,0.0,0.7761420682730924,0.035876132930513595,95.0,0.008489241593884188,0.0,0.0,1.0,0.008652621917092122,0.0,0.9032258064516129,-0.008685800604229632,0.10349875048896906,-0.10554561717352418,0.035876132930513595,0.5608006042296072,60.0,0.06419939577039276,0.035876132930513595,0.5588235294117647,,,,,,,,,,,,,,,,,
42,compas,xgboost,universal_rl,privileged_first,2648.0,0.5513595166163142,0.5500661737860533,0.5284784377542717,0.9781626506024096,0.6862123613312202,0.9,0.9453883495145631,1.0504314994606256,0.04538834951456305,0.960644007155635,0.9908972691807543,0.8231292517006803,0.9055745164960182,0.030253262025119243,0.08244526479533787,0.08244526479533787,1.0,0.7761420682730924,0.4176737160120846,1106.0,0.01850453172205438,0.0,0.01850453172205438,1.0,0.018860662047729022,0.018860662047729022,1.0,-0.154833836858006,0.4272600754638861,-0.1452114042984135,0.4176737160120846,,,,,,0.7061933534743202,0.6231714239967395,,,,,,,,,,,,,,,
42,compas,xgboost,coda,privileged_first,2648.0,0.6963746223564955,0.6964220518437386,0.7040498442367601,0.6807228915662651,0.6921898928024504,0.497,0.47754854368932037,0.9608622609443066,-0.019451456310679627,0.669051878354204,0.6892067620286085,0.2789115646258503,0.2923777019340159,0.020154883674404545,0.013466137308165593,0.020154883674404545,1.0,0.7761420682730924,0.1027190332326284,272.0,0.01223031550168482,0.0,0.0030211480362537764,1.0,0.012465694937821943,0.003079291762894534,0.9411764705882353,-0.00981873111782472,0.3376908369475671,-0.20750178541934683,0.1027190332326284,,,,,,,,1144.0,352.0,0.14777002339799913,0.8670237406198741,0.0696337056734391,0.8701177146741976,0.09773857777416081,0.5,0.43697325538092113,0.47530524541939506,0.06308605625348085,0.6,0.6113715651516913,0.6052131546720023,0.0161084571055784
42,compas,xgboost,base_model,unprivileged_first,2648.0,0.7061933534743202,0.7061632895217232,0.7034023668639053,0.7161144578313253,0.7097014925373135,0.667,0.41565533980582525,0.6231714239967395,-0.2513446601941748,0.8479427549194991,0.6202860858257477,0.4376417233560091,0.2366325369738339,-0.22765666909375137,-0.2010091863821752,0.22765666909375137,0.0,0.7761420682730924,0.0,0.0,0.015504219715837417,0.0,0.006042296072507553,1.0,0.014647872905133748,0.0050038491147036184,1.0,0.0,0.0,0.0,0.0,,,,,,,,,,,,,,,,,,,,,,
42,compas,xgboost,group_threshold,unprivileged_first,2648.0,0.6948640483383686,0.6950278386272362,0.7199661590524534,0.6408132530120482,0.6780876494023904,0.497,0.41565533980582525,0.8363286515207752,-0.08134466019417474,0.669051878354204,0.6202860858257477,0.2789115646258503,0.2366325369738339,-0.04876579252845625,-0.04227902765201641,0.04876579252845625,1.0,0.7761420682730924,0.06419939577039276,170.0,0.016903104555975743,0.0,0.008308157099697885,1.0,0.0160736800863063,0.007313317936874519,0.8857142857142857,-0.01132930513595165,0.21315722752403565,-0.17889087656529512,0.06419939577039276,,,,,,,,,,,,,,,,,,,,,,
42,compas,xgboost,guard_threshold,unprivileged_first,2648.0,0.698262839879154,0.6983433734939759,0.7107569721115538,0.6716867469879518,0.6906697638404955,0.57,0.41565533980582525,0.7292198943961847,-0.1543446601941747,0.7423971377459749,0.6202860858257477,0.35147392290249435,0.2366325369738339,-0.1221110519202272,-0.11484138592866044,0.1221110519202272,0.0,0.7761420682730924,0.03663141993957704,97.0,0.016681307922834177,0.0,0.008308157099697885,1.0,0.015847614849755543,0.007313317936874519,0.9032258064516129,-0.007930513595166166,0.1060484703994452,-0.10554561717352418,0.03663141993957704,0.5600453172205438,60.0,0.06419939577039276,0.03663141993957704,0.5705882352941176,,,,,,,,,,,,,,,,,
42,compas,xgboost,universal_rl,unprivileged_first,2648.0,0.5181268882175226,0.5166940489229646,0.5100775193798449,0.9909638554216867,0.6734902763561924,0.98,0.970873786407767,0.9906875371507827,-0.009126213592232979,0.9928443649373881,0.9895968790637191,0.963718820861678,0.9544937428896473,-0.003247485873669076,-0.00922507797203076,0.00922507797203076,1.0,0.7761420682730924,0.4637462235649547,1228.0,0.024839881803380485,0.0,0.0188821752265861,1.0,0.024933028104446316,0.018860662047729022,1.0,-0.1880664652567976,0.3675161131540432,-0.21843159112172061,0.4637462235649547,,,,,,0.7061933534743202,0.6231714239967395,,,,,,,,,,,,,,,
42,compas,xgboost,coda,unprivileged_first,2648.0,0.6944864048338368,0.6946581781672143,0.7208510638297873,0.6378012048192772,0.6767878545745106,0.49,0.41565533980582525,0.8482762036853577,-0.07434466019417474,0.6618962432915921,0.6202860858257477,0.272108843537415,0.2366325369738339,-0.0416101574658444,-0.035476306563581084,0.0416101574658444,1.0,0.7761420682730924,0.0668429003021148,177.0,0.016903104555975743,0.0,0.008308157099697885,1.0,0.0160736800863063,0.007313317936874519,0.84375,-0.011706948640483383,0.2251047796886182,-0.18604651162790697,0.0668429003021148,,,,,,,,696.0,257.0,0.12097871262407114,0.7112844217317646,0.3412887257355349,0.828400321215193,0.11272755914401861,0.5,0.4521920019596237,0.49278367197083345,0.04797870993978276,0.6,0.6097219924956726,0.6016885171194241,0.012086129672668866
42,german_credit,xgboost,base_model,natural,200.0,0.84,0.7904761904761904,0.8648648648648649,0.9142857142857143,0.888888888888889,0.75,0.71875,0.9583333333333334,-0.03125,0.9263157894736842,0.8888888888888888,0.34146341463414637,0.3157894736842105,-0.037426900584795364,-0.02567394094993586,0.037426900584795364,1.0,0.9078571428571429,0.0,0.0,1.0286463404628687,0.0,0.875,1.0,0.9383214916277193,0.8466666666666667,0.41818181818181815,0.0,0.0,0.0,0.0,,,,,,,,,,,,,,,,,,,,,,
42,german_credit,xgboost,group_threshold,natural,200.0,0.8,0.7952380952380953,0.8968253968253969,0.8071428571428572,0.8496240601503758,0.5882352941176471,0.71875,1.221875,0.13051470588235292,0.7684210526315789,0.8888888888888888,0.17073170731707318,0.3157894736842105,0.12046783625730995,0.14505776636713733,0.14505776636713733,1.0,0.9078571428571429,0.11,22.0,1.2760187426037024,0.0,0.99,1.0,1.211708721676782,1.0,0.6,-0.039999999999999925,0.2635416666666667,0.10763086578234196,0.11,,,,,,,,,,,,,,,,,,,,,,
42,german_credit,xgboost,guard_threshold,natural,200.0,0.82,0.780952380952381,0.8661971830985915,0.8785714285714286,0.8723404255319148,0.7058823529411765,0.71875,1.0182291666666665,0.012867647058823484,0.8736842105263158,0.8888888888888888,0.3170731707317073,0.3157894736842105,0.015204678362572999,-0.0012836970474968123,0.015204678362572999,1.0,0.9078571428571429,0.03,6.0,1.0822343130800531,0.0,0.955,1.0,1.0097721217839652,0.9533333333333334,0.41818181818181815,-0.020000000000000018,0.05989583333333315,-0.022222222222222365,0.03,0.335,5.0,0.11,0.03,0.2727272727272727,,,,,,,,,,,,,,,,,
42,german_credit,xgboost,universal_rl,natural,200.0,0.835,0.7726190476190476,0.8496732026143791,0.9285714285714286,0.8873720136518771,0.75,0.796875,1.0625,0.046875,0.9263157894736842,0.9333333333333333,0.34146341463414637,0.47368421052631576,0.007017543859649145,0.1322207958921694,0.1322207958921694,1.0,0.9078571428571429,0.025,5.0,1.1213618884368126,0.0,0.99,1.0,1.0619422222596449,1.0,0.6,-0.0050000000000000044,0.10416666666666663,0.09479389530737403,0.025,,,,,,0.84,0.9583333333333334,,,,,,,,,,,,,,,
42,german_credit,xgboost,coda,natural,200.0,0.8,0.7952380952380953,0.8968253968253969,0.8071428571428572,0.8496240601503758,0.5882352941176471,0.71875,1.221875,0.13051470588235292,0.7684210526315789,0.8888888888888888,0.17073170731707318,0.3157894736842105,0.12046783625730995,0.14505776636713733,0.14505776636713733,1.0,0.9078571428571429,0.11,22.0,1.2760187426037024,0.0,0.99,1.0,1.211708721676782,1.0,0.6,-0.039999999999999925,0.2635416666666667,0.10763086578234196,0.11,,,,,,,,169.0,30.0,0.31598904441415643,0.6367988833774682,0.5875402406364144,0.7728591552800238,0.10255188465100902,0.5,0.5062909715577548,0.5019163915336784,0.006290971557754821,0.75,0.7290300948074829,0.7436120282210714,0.02096990519251707
42,german_credit,xgboost,base_model,privileged_first,200.0,0.84,0.7904761904761904,0.8648648648648649,0.9142857142857143,0.888888888888889,0.75,0.71875,0.9583333333333334,-0.03125,0.9263157894736842,0.8888888888888888,0.34146341463414637,0.3157894736842105,-0.037426900584795364,-0.02567394094993586,0.037426900584795364,1.0,0.9078571428571429,0.0,0.0,0.23026070973251975,0.0,0.225,1.0,0.3070142796433597,0.3,0.9743589743589743,0.0,0.0,0.0,0.0,,,,,,,,,,,,,,,,,,,,,,
42,german_credit,xgboost,group_threshold,privileged_first,200.0,0.8,0.7952380952380953,0.8968253968253969,0.8071428571428572,0.8496240601503758,0.5882352941176471,0.71875,1.221875,0.13051470588235292,0.7684210526315789,0.8888888888888888,0.17073170731707318,0.3157894736842105,0.12046783625730995,0.14505776636713733,0.14505776636713733,1.0,0.9078571428571429,0.11,22.0,0.28815198867124725,0.0,0.23,1.0,0.384202651561663,0.30666666666666664,0.9117647058823529,-0.039999999999999925,0.2635416666666667,0.10763086578234196,0.11,,,,,,,,,,,,,,,,,,,,,,
42,german_credit,xgboost,guard_threshold,privileged_first,200.0,0.82,0.8,0.8880597014925373,0.85,0.8686131386861314,0.6470588235294118,0.71875,1.1107954545454546,0.0716911764705882,0.8315789473684211,0.8888888888888888,0.21951219512195122,0.3157894736842105,0.057309941520467755,0.09627727856225929,0.09627727856225929,1.0,0.9078571428571429,0.07,14.0,0.2832303155003826,0.0,0.23,1.0,0.3776404206671768,0.30666666666666664,0.9117647058823529,-0.020000000000000018,0.15246212121212122,0.058850377977463925,0.07,0.755,6.0,0.11,0.07,0.6363636363636364,,,,,,,,,,,,,,,,,
42,german_credit,xgboost,universal_rl,privileged_first,200.0,0.82,0.7285714285714286,0.8170731707317073,0.9571428571428572,0.881578947368421,0.7720588235294118,0.921875,1.194047619047619,0.1498161764705882,0.9473684210526315,0.9777777777777777,0.36585365853658536,0.7894736842105263,0.03040935672514622,0.42362002567394097,0.42362002567394097,1.0,0.9078571428571429,0.08,16.0,0.25244754224016647,0.0,0.24,1.0,0.3365967229868886,0.32,1.0,-0.020000000000000018,0.23571428571428565,0.3861931250891456,0.08,,,,,,0.84,0.9583333333333334,,,,,,,,,,,,,,,
42,german_credit,xgboost,coda,privileged_first,200.0,0.8,0.7952380952380953,0.8968253968253969,0.8071428571428572,0.8496240601503758,0.5882352941176471,0.71875,1.221875,0.13051470588235292,0.7684210526315789,0.8888888888888888,0.17073170731707318,0.3157894736842105,0.12046783625730995,0.14505776636713733,0.14505776636713733,1.0,0.9078571428571429,0.11,22.0,0.28815198867124725,0.0,0.23,1.0,0.384202651561663,0.30666666666666664,0.9117647058823529,-0.039999999999999925,0.2635416666666667,0.10763086578234196,0.11,,,,,,,,55.0,16.0,0.026407442648556972,0.15122487925669054,0.15122487925669054,0.8382786145897598,0.06877582473894592,0.5,0.5003523392306726,0.5000277095156254,0.00035233923067257145,0.75,0.7488255358977589,0.7499076349479155,0.0011744641022410907
42,german_credit,xgboost,base_model,unprivileged_first,200.0,0.84,0.7904761904761904,0.8648648648648649,0.9142857142857143,0.888888888888889,0.75,0.71875,0.9583333333333334,-0.03125,0.9263157894736842,0.8888888888888888,0.34146341463414637,0.3157894736842105,-0.037426900584795364,-0.02567394094993586,0.037426900584795364,1.0,0.9078571428571429,0.0,0.0,0.30465747869507737,0.0,0.235,1.0,0.4062099715934365,0.31333333333333335,0.9743589743589743,0.0,0.0,0.0,0.0,,,,,,,,,,,,,,,,,,,,,,
42,german_credit,xgboost,group_threshold,unprivileged_first,200.0,0.8,0.7952380952380953,0.8968253968253969,0.8071428571428572,0.8496240601503758,0.5882352941176471,0.71875,1.221875,0.13051470588235292,0.7684210526315789,0.8888888888888888,0.17073170731707318,0.3157894736842105,0.12046783625730995,0.14505776636713733,0.14505776636713733,1.0,0.9078571428571429,0.11,22.0,0.34958584646531393,0.0,0.235,1.0,0.4661144619537519,0.31333333333333335,0.9117647058823529,-0.039999999999999925,0.2635416666666667,0.10763086578234196,0.11,,,,,,,,,,,,,,,,,,,,,,
42,german_credit,xgboost,guard_threshold,unprivileged_first,200.0,0.805,0.7892857142857144,0.8854961832061069,0.8285714285714286,0.8560885608856089,0.625,0.71875,1.15,0.09375,0.8,0.8888888888888888,0.21951219512195122,0.3157894736842105,0.0888888888888888,0.09627727856225929,0.09627727856225929,1.0,0.9078571428571429,0.085,17.0,0.34958584646531393,0.0,0.235,1.0,0.4661144619537519,0.31333333333333335,0.9117647058823529,-0.03499999999999992,0.19166666666666654,0.058850377977463925,0.085,0.65,5.0,0.11,0.085,0.7727272727272727,,,,,,,,,,,,,,,,,
42,german_credit,xgboost,universal_rl,unprivileged_first,200.0,0.8,0.7095238095238096,0.808641975308642,0.9357142857142857,0.8675496688741722,0.7794117647058824,0.875,1.1226415094339623,0.09558823529411764,0.9473684210526315,0.9111111111111111,0.3902439024390244,0.7894736842105263,-0.03625730994152043,0.3992297817715019,0.3992297817715019,1.0,0.9078571428571429,0.07,14.0,0.39777690780489044,0.0,0.245,1.0,0.5303692104065206,0.32666666666666666,1.0,-0.039999999999999925,0.16430817610062898,0.36180288118670656,0.07,,,,,,0.84,0.9583333333333334,,,,,,,,,,,,,,,
42,german_credit,xgboost,coda,unprivileged_first,200.0,0.8,0.7952380952380953,0.8968253968253969,0.8071428571428572,0.8496240601503758,0.5882352941176471,0.71875,1.221875,0.13051470588235292,0.7684210526315789,0.8888888888888888,0.17073170731707318,0.3157894736842105,0.12046783625730995,0.14505776636713733,0.14505776636713733,1.0,0.9078571428571429,0.11,22.0,0.34958584646531393,0.0,0.235,1.0,0.4661144619537519,0.31333333333333335,0.9117647058823529,-0.039999999999999925,0.2635416666666667,0.10763086578234196,0.11,,,,,,,,127.0,35.0,0.1428654340663931,0.3462166955917636,0.31307914226899636,0.7677733274914058,0.0991300494515877,0.5,0.5019675126542522,0.5005995663183888,0.0019675126542522126,0.75,0.7434416244858261,0.748001445605371,0.006558375514173931
42,bank_marketing,xgboost,base_model,natural,2233.0,0.74205105239588,0.7361645819088605,0.7875894988066826,0.6238185255198487,0.6962025316455697,0.36672794117647056,0.3834061135371179,1.045478324632542,0.016678172360647336,0.6376237623762376,0.6112115732368897,0.1320754716981132,0.17060810810810811,-0.026412189139347952,0.03853263640999491,0.03853263640999491,1.0,0.7922551582673049,0.0,0.0,1.1184268004878404,0.0,0.7725033587102552,1.0,1.116707084063839,0.7732478240952817,0.6428571428571429,0.0,0.0,0.0,0.0,,,,,,,,,,,,,,,,,,,,,,
42,bank_marketing,xgboost,group_threshold,natural,2233.0,0.7366771159874608,0.7287053050717934,0.8133333333333334,0.5765595463137996,0.6747787610619468,0.33547794117647056,0.33624454148471616,1.002285099001017,0.0007666003082456019,0.6,0.5551537070524413,0.10634648370497427,0.13175675675675674,-0.04484629294755871,0.025410273051782478,0.04484629294755871,1.0,0.7922551582673049,0.03940886699507389,88.0,1.0985998333037827,0.0,0.7232422749664129,1.0,1.0964259948645716,0.722858451672011,0.6428571428571429,-0.005373936408419211,-0.043193225631525056,0.0063136565375638,0.03940886699507389,,,,,,,,,,,,,,,,,,,,,,
42,bank_marketing,xgboost,guard_threshold,natural,2233.0,0.74205105239588,0.7347528455938543,0.8097686375321337,0.5954631379962193,0.6862745098039216,0.34191176470588236,0.35458515283842795,1.0370662534629291,0.012673388132545593,0.6099009900990099,0.5822784810126582,0.1097770154373928,0.14189189189189189,-0.027622509086351665,0.03211487645449909,0.03211487645449909,1.0,0.7922551582673049,0.026869682042095836,60.0,1.1454472213076201,0.0,0.7693685624720108,1.0,1.1443463876325832,0.7700412276683463,0.6428571428571429,0.0,-0.008412071169612956,-0.0064177599554958165,0.026869682042095836,0.6166592028660994,73.0,0.03940886699507389,0.026869682042095836,0.6818181818181818,,,,,,,,,,,,,,,,,
42,bank_marketing,xgboost,universal_rl,natural,2233.0,0.7321988356471115,0.7280263845875397,0.7521929824561403,0.6483931947069943,0.6964467005076143,0.36672794117647056,0.4480349344978166,1.2217092950717405,0.08130699332134605,0.6376237623762376,0.6582278481012658,0.1320754716981132,0.2516891891891892,0.020604085725028143,0.119613717491076,0.119613717491076,1.0,0.7922551582673049,0.033139274518584866,74.0,1.2878465838160427,0.0,0.9883564711150918,1.0,1.2818775418274153,0.9894640403114979,0.6428571428571429,-0.009852216748768461,0.17623097043919844,0.08108108108108109,0.033139274518584866,,,,,,0.74205105239588,1.045478324632542,,,,,,,,,,,,,,,
42,bank_marketing,xgboost,coda,natural,2233.0,0.7366771159874608,0.7312464304388047,0.7738927738927739,0.6275992438563327,0.6931106471816284,0.38235294117647056,0.3860262008733624,1.0096069868995634,0.003673259696891862,0.6455445544554456,0.6112115732368897,0.15437392795883362,0.17567567567567569,-0.03433298121855588,0.021301747716842068,0.03433298121855588,1.0,0.7922551582673049,0.05105239587998209,114.0,1.0924146699316797,0.0,0.703537841468876,1.0,1.0900991649012612,0.7027027027027027,0.6666666666666667,-0.005373936408419211,-0.03587133773297868,-0.004199655191439028,0.05105239587998209,,,,,,,,1745.0,438.0,2.0190545213958386,5.0,2.424402055142288,0.8100492498824847,0.11599708116632829,0.55,0.43000426869223785,0.5001635198615925,0.23999987538480339,0.55,0.5508125088363252,0.48139735923300564,0.23999999999999844
42,bank_marketing,xgboost,base_model,privileged_first,2233.0,0.74205105239588,0.7361645819088605,0.7875894988066826,0.6238185255198487,0.6962025316455697,0.36672794117647056,0.3834061135371179,1.045478324632542,0.016678172360647336,0.6376237623762376,0.6112115732368897,0.1320754716981132,0.17060810810810811,-0.026412189139347952,0.03853263640999491,0.03853263640999491,1.0,0.7922551582673049,0.0,0.0,0.020654361040688667,0.0,0.013882669055082848,1.0,0.02112743390007228,0.014200641319285386,0.8636363636363636,0.0,0.0,0.0,0.0,,,,,,,,,,,,,,,,,,,,,,
42,bank_marketing,xgboost,group_threshold,privileged_first,2233.0,0.7366771159874608,0.7287053050717934,0.8133333333333334,0.5765595463137996,0.6747787610619468,0.33547794117647056,0.33624454148471616,1.002285099001017,0.0007666003082456019,0.6,0.5551537070524413,0.10634648370497427,0.13175675675675674,-0.04484629294755871,0.025410273051782478,0.04484629294755871,1.0,0.7922551582673049,0.03940886699507389,88.0,0.01994221187742138,0.0,0.013882669055082848,1.0,0.02039897348707373,0.014200641319285386,0.8636363636363636,-0.005373936408419211,-0.043193225631525056,0.0063136565375638,0.03940886699507389,,,,,,,,,,,,,,,,,,,,,,
42,bank_marketing,xgboost,guard_threshold,privileged_first,2233.0,0.7375727720555306,0.7302151791819169,0.8041237113402062,0.5897920604914934,0.6804798255179935,0.34191176470588236,0.35283842794759823,1.031957552706954,0.010926663241715873,0.6079207920792079,0.5732368896925859,0.11149228130360206,0.14695945945945946,-0.034683902386622,0.0354671781558574,0.0354671781558574,1.0,0.7922551582673049,0.027765338110165697,62.0,0.01994221187742138,0.0,0.013882669055082848,1.0,0.02039897348707373,0.014200641319285386,0.8636363636363636,-0.004478280340349361,-0.013520771925588093,-0.0030654582541375097,0.027765338110165697,0.677115987460815,48.0,0.03940886699507389,0.027765338110165697,0.7045454545454546,,,,,,,,,,,,,,,,,
42,bank_marketing,xgboost,universal_rl,privileged_first,2233.0,0.6368114643976713,0.6452467522020673,0.5846470185058259,0.8062381852551985,0.6777910210568137,0.36672794117647056,0.925764192139738,2.524389576561491,0.5590362509632675,0.6376237623762376,0.9602169981916817,0.1320754716981132,0.893581081081081,0.3225932358154441,0.7615056093829679,0.7615056093829679,1.0,0.7922551582673049,0.2781012091356919,621.0,0.03277337833099044,0.0,0.021495745633676667,1.0,0.033524028315667274,0.021988089784699953,1.0,-0.10523958799820865,1.4789112519289491,0.7229729729729729,0.2781012091356919,,,,,,0.74205105239588,1.045478324632542,,,,,,,,,,,,,,,
42,bank_marketing,xgboost,coda,privileged_first,2233.0,0.7429467084639498,0.7369685878614809,0.790167865707434,0.6228733459357277,0.6966173361522198,0.33547794117647056,0.4096069868995633,1.2209654842376025,0.07412904572309276,0.6,0.64376130198915,0.10634648370497427,0.19087837837837837,0.04376130198915007,0.0845318946734041,0.0845318946734041,1.0,0.7922551582673049,0.040304523063143756,90.0,0.01994221187742138,0.0,0.013882669055082848,1.0,0.02039897348707373,0.014200641319285386,0.8636363636363636,0.00089565606806985,0.17548715960506045,0.0459992582634092,0.040304523063143756,,,,,,,,771.0,130.0,0.3533083066999899,2.258762841384536,1.849401767754297,0.7607481814040262,0.14702959763927542,0.55,0.5700517311494172,0.5120524838925078,0.14005173114941705,0.55,0.4300000000015265,0.5224175729510913,0.15196371690465682
42,bank_marketing,xgboost,base_model,unprivileged_first,2233.0,0.74205105239588,0.7361645819088605,0.7875894988066826,0.6238185255198487,0.6962025316455697,0.36672794117647056,0.3834061135371179,1.045478324632542,0.016678172360647336,0.6376237623762376,0.6112115732368897,0.1320754716981132,0.17060810810810811,-0.026412189139347952,0.03853263640999491,0.03853263640999491,1.0,0.7922551582673049,0.0,0.0,0.0336319195786793,0.0,0.0219435736677116,1.0,0.0339441486116312,0.021988089784699953,0.8636363636363636,0.0,0.0,0.0,0.0,,,,,,,,,,,,,,,,,,,,,,
42,bank_marketing,xgboost,group_threshold,unprivileged_first,2233.0,0.7366771159874608,0.7287053050717934,0.8133333333333334,0.5765595463137996,0.6747787610619468,0.33547794117647056,0.33624454148471616,1.002285099001017,0.0007666003082456019,0.6,0.5551537070524413,0.10634648370497427,0.13175675675675674,-0.04484629294755871,0.025410273051782478,0.04484629294755871,1.0,0.7922551582673049,0.03940886699507389,88.0,0.031926361256495964,0.0,0.0219435736677116,1.0,0.03219952573786325,0.021988089784699953,0.8636363636363636,-0.005373936408419211,-0.043193225631525056,0.0063136565375638,0.03940886699507389,,,,,,,,,,,,,,,,,,,,,,
42,bank_marketing,xgboost,guard_threshold,unprivileged_first,2233.0,0.7389162561576355,0.7316329485580984,0.8048780487804879,0.5926275992438563,0.6826347305389222,0.3400735294117647,0.3572052401746725,1.050376490027145,0.01713171076290776,0.6079207920792079,0.5786618444846293,0.10806174957118353,0.15033783783783783,-0.029258947594578588,0.0422760882666543,0.0422760882666543,1.0,0.7922551582673049,0.026421854008060904,59.0,0.03415784572761328,0.0,0.0219435736677116,1.0,0.034482120709922334,0.021988089784699953,0.8636363636363636,-0.0031347962382445305,0.004898165394602971,0.003743451856659391,0.026421854008060904,0.6524854455888939,47.0,0.03940886699507389,0.026421854008060904,0.6704545454545454,,,,,,,,,,,,,,,,,
42,bank_marketing,xgboost,universal_rl,unprivileged_first,2233.0,0.6260635915808329,0.6359280859107912,0.5733070348454964,0.8241965973534972,0.6762310973245443,0.36672794117647056,0.9799126637554585,2.672042551794333,0.6131847225789879,0.6376237623762376,0.9945750452079566,0.1320754716981132,0.9662162162162162,0.35695128283171895,0.834140744518103,0.834140744518103,1.0,0.7922551582673049,0.3058665472458576,683.0,0.0753312050240709,0.0,0.02239140170174653,1.0,0.076598525340701,0.02244617498854787,1.0,-0.11598746081504707,1.626564227161791,0.7956081081081081,0.3058665472458576,,,,,,0.74205105239588,1.045478324632542,,,,,,,,,,,,,,,
42,bank_marketing,xgboost,coda,unprivileged_first,2233.0,0.7344379758172862,0.727848208180831,0.7873918417799752,0.6020793950850661,0.6823781467595073,0.3897058823529412,0.33624454148471616,0.8628161819230452,-0.053461340868225016,0.6534653465346535,0.5551537070524413,0.16123499142367068,0.13175675675675674,-0.09831163948221222,-0.029478234666913933,0.09831163948221222,1.0,0.7922551582673049,0.03537841468875952,79.0,0.03140043510756199,0.0,0.0219435736677116,1.0,0.03166155363957211,0.021988089784699953,0.9090909090909091,-0.00761307657859378,-0.18266214270949688,0.05977900307221731,0.03537841468875952,,,,,,,,735.0,101.0,0.19034307408465287,0.9816420976629476,0.18787457287835316,0.7660887778844636,0.16050107707843858,0.55,0.44278888577835285,0.5338297797613442,0.16200548484901522,0.55,0.43343805510196143,0.5073940218833606,0.11999999999999988
42,recruitment,xgboost,base_model,natural,24240.0,0.9879125412541254,0.9806712388527103,0.9870703764320785,0.965732586068855,0.9762849048968029,0.2602068590092542,0.2395222129086337,0.9205069144626781,-0.020684646100620513,0.9566859733064719,0.9815303430079155,0.002331002331002331,0.007427785419532325,0.024844369701443658,0.005096783088529994,0.024844369701443658,1.0,0.9994739842999714,0.0,0.0,1.035502909721079,0.0,0.6020627062706271,1.0,1.034959216851043,0.6016122364613476,1.0,0.0,0.0,0.0,0.0,,,,,,,,,,,,,,,,,,,,,,
42,recruitment,xgboost,group_threshold,natural,24240.0,0.9891501650165017,0.9850597454901959,0.9811776061776062,0.9766212970376301,0.9788941497472113,0.2674197060424605,0.2395222129086337,0.8956789925967636,-0.027897493133826806,0.9738101233946109,0.9815303430079155,0.005874125874125874,0.007427785419532325,0.007720219613304602,0.0015536595454064507,0.007720219613304602,1.0,0.9994739842999714,0.004372937293729373,106.0,1.0037999700200884,0.0,0.5832920792079208,1.0,1.0031907481304143,0.5828028110789583,1.0,0.0012376237623762387,-0.024827921865914426,-0.017124150088139056,0.004372937293729373,,,,,,,,,,,,,,,,,,,,,,
42,recruitment,xgboost,guard_threshold,natural,24240.0,0.9892326732673268,0.9843311381530898,0.9838292367399741,0.9742193755004003,0.9790007241129616,0.26524224278715297,0.2395222129086337,0.9030319242958648,-0.025720029878519263,0.9700327373457568,0.9815303430079155,0.004289044289044289,0.007427785419532325,0.011497605662158739,0.0031387411304880358,0.011497605662158739,1.0,0.9994739842999714,0.0030528052805280526,74.0,1.012395142010219,0.0,0.5893151815181518,1.0,1.0118036860816655,0.5888383629599008,1.0,0.0013201320132013583,-0.01747499016681331,-0.01334676403928492,0.0030528052805280526,0.6760313531353135,1304.0,0.004372937293729373,0.0030528052805280526,0.6981132075471698,,,,,,,,,,,,,,,,,
42,recruitment,xgboost,universal_rl,natural,24240.0,0.9688118811881188,0.9685384539918681,0.9157703378276019,0.9679743795036029,0.9411489957963568,0.2602068590092542,0.29096814752724226,1.1182185920659917,0.03076128851798804,0.9566859733064719,0.9876868953386104,0.002331002331002331,0.07303988995873452,0.031000922032138556,0.07070888762773218,0.07070888762773218,1.0,0.9994739842999714,0.020255775577557755,491.0,1.2256318688978656,0.0,0.8275990099009901,1.0,1.2254811668487822,0.8276147168251343,1.0,-0.019100660066006636,0.19771167760331365,0.045864517926288526,0.020255775577557755,,,,,,0.9879125412541254,0.9205069144626781,,,,,,,,,,,,,,,
42,recruitment,xgboost,coda,natural,24240.0,0.9841171617161716,0.9819313077580709,0.9615626969124134,0.97742193755004,0.9694274596998332,0.27020958083832336,0.24905699916177704,0.9217178694740558,-0.021152581676546323,0.9697809116091665,0.9907651715039578,0.011188811188811189,0.017056396148555707,0.020984259894791357,0.005867584959744519,0.020984259894791357,1.0,0.9994739842999714,0.013366336633663366,324.0,1.0334827237659998,0.0,0.6043729372937293,1.0,1.0329348552325595,0.6039272426622572,1.0,-0.0037953795379538358,0.0012109550113776901,-0.003860109806652301,0.013366336633663366,,,,,,,,17724.0,3658.0,3.643320506211456,5.0,5.0,0.7767236800717245,0.15033618000293417,0.5,0.38208452949224136,0.4235014578740177,0.2399999997927501,0.45,0.4286187074403721,0.44184144425310934,0.23999999999999955
42,recruitment,xgboost,base_model,privileged_first,24240.0,0.9879125412541254,0.9806712388527103,0.9870703764320785,0.965732586068855,0.9762849048968029,0.2602068590092542,0.2395222129086337,0.9205069144626781,-0.020684646100620513,0.9566859733064719,0.9815303430079155,0.002331002331002331,0.007427785419532325,0.024844369701443658,0.005096783088529994,0.024844369701443658,1.0,0.9994739842999714,0.0,0.0,0.0022700834173741266,0.0,0.0018151815181518152,1.0,0.0021920968184021834,0.0017362546506821,1.0,0.0,0.0,0.0,0.0,,,,,,,,,,,,,,,,,,,,,,
42,recruitment,xgboost,group_threshold,privileged_first,24240.0,0.9891501650165017,0.9850597454901959,0.9811776061776062,0.9766212970376301,0.9788941497472113,0.2674197060424605,0.2395222129086337,0.8956789925967636,-0.027897493133826806,0.9738101233946109,0.9815303430079155,0.005874125874125874,0.007427785419532325,0.007720219613304602,0.0015536595454064507,0.007720219613304602,1.0,0.9994739842999714,0.004372937293729373,106.0,0.0022700834173741266,0.0,0.0018151815181518152,1.0,0.0021920968184021834,0.0017362546506821,1.0,0.0012376237623762387,-0.024827921865914426,-0.017124150088139056,0.004372937293729373,,,,,,,,,,,,,,,,,,,,,,
42,recruitment,xgboost,guard_threshold,privileged_first,24240.0,0.9890676567656765,0.9845859460560946,0.9821025475653015,0.9753402722177742,0.9787097292520286,0.26646706586826346,0.2395222129086337,0.8988811136121759,-0.026944852959629756,0.9717955175018886,0.9815303430079155,0.005314685314685315,0.007427785419532325,0.00973482550602689,0.00211310010484701,0.00973482550602689,1.0,0.9994739842999714,0.0037953795379537954,92.0,0.0022700834173741266,0.0,0.0018151815181518152,1.0,0.0021920968184021834,0.0017362546506821,1.0,0.0011551155115511191,-0.02162580085050214,-0.015109544195416769,0.0037953795379537954,0.797483498349835,1209.0,0.004372937293729373,0.0037953795379537954,0.8679245283018868,,,,,,,,,,,,,,,,,
42,recruitment,xgboost,universal_rl,privileged_first,24240.0,0.7364273927392739,0.8134865547342014,0.4941415785191212,0.9724579663730984,0.6553007823037496,0.2602068590092542,0.8870494551550713,3.4090164207528577,0.626842596145817,0.9566859733064719,1.0,0.002331002331002331,0.8517193947730399,0.04331402669352813,0.8493883924420376,0.8493883924420376,1.0,0.9994739842999714,0.25495049504950495,6180.0,0.002981267438483562,0.0,0.0018564356435643563,1.0,0.002904750835421312,0.001777594047126912,1.0,-0.2514851485148515,2.4885095062901796,0.8245440227405939,0.25495049504950495,,,,,,0.9879125412541254,0.9205069144626781,,,,,,,,,,,,,,,
42,recruitment,xgboost,coda,privileged_first,24240.0,0.9867574257425743,0.9851733790477784,0.967192429022082,0.9819055244195356,0.9744934445768771,0.2674197060424605,0.2525146689019279,0.9442635048811026,-0.014905037140532595,0.9738101233946109,0.996042216358839,0.005874125874125874,0.019944979367262722,0.022232092964228123,0.014070853493136849,0.022232092964228123,1.0,0.9994739842999714,0.009488448844884489,230.0,0.0022700834173741266,0.0,0.0018151815181518152,1.0,0.0021920968184021834,0.0017362546506821,1.0,-0.0011551155115511191,0.023756590418424484,-0.0026122767372155353,0.009488448844884489,,,,,,,,6291.0,990.0,1.119702153983038,5.0,4.907039410000574,0.6480408659711429,0.19152656729547204,0.5,0.38000000035647585,0.4570170861272352,0.14809639598721247,0.45,0.5699287629353585,0.4748167237611773,0.23999630754549273
42,recruitment,xgboost,base_model,unprivileged_first,24240.0,0.9879125412541254,0.9806712388527103,0.9870703764320785,0.965732586068855,0.9762849048968029,0.2602068590092542,0.2395222129086337,0.9205069144626781,-0.020684646100620513,0.9566859733064719,0.9815303430079155,0.002331002331002331,0.007427785419532325,0.024844369701443658,0.005096783088529994,0.024844369701443658,1.0,0.9994739842999714,0.0,0.0,0.0005169027733958173,0.0,0.0,1.0,0.000517971195829459,0.0,1.0,0.0,0.0,0.0,0.0,,,,,,,,,,,,,,,,,,,,,,
42,recruitment,xgboost,group_threshold,unprivileged_first,24240.0,0.9891501650165017,0.9850597454901959,0.9811776061776062,0.9766212970376301,0.9788941497472113,0.2674197060424605,0.2395222129086337,0.8956789925967636,-0.027897493133826806,0.9738101233946109,0.9815303430079155,0.005874125874125874,0.007427785419532325,0.007720219613304602,0.0015536595454064507,0.007720219613304602,1.0,0.9994739842999714,0.004372937293729373,106.0,0.0005169027733958173,0.0,0.0,1.0,0.000517971195829459,0.0,1.0,0.0012376237623762387,-0.024827921865914426,-0.017124150088139056,0.004372937293729373,,,,,,,,,,,,,,,,,,,,,,
42,recruitment,xgboost,guard_threshold,unprivileged_first,24240.0,0.9889026402640264,0.9843702469616705,0.9817800709448565,0.9750200160128103,0.9783883666747009,0.26646706586826346,0.2395222129086337,0.8988811136121759,-0.026944852959629756,0.9712918660287081,0.9815303430079155,0.005501165501165501,0.007427785419532325,0.010238476979207434,0.0019266199183668236,0.010238476979207434,1.0,0.9994739842999714,0.0037953795379537954,92.0,0.0005169027733958173,0.0,0.0,1.0,0.000517971195829459,0.0,1.0,0.000990099009900991,-0.02162580085050214,-0.014605892722236224,0.0037953795379537954,0.7983085808580858,1211.0,0.004372937293729373,0.0037953795379537954,0.8679245283018868,,,,,,,,,,,,,,,,,
42,recruitment,xgboost,universal_rl,unprivileged_first,24240.0,0.709983498349835,0.7956760518167243,0.46964658572422857,0.9724579663730984,0.6333959115561117,0.2602068590092542,0.9542120704107293,3.667128814528263,0.6940052114014751,0.9566859733064719,1.0,0.002331002331002331,0.9398899587345254,0.04331402669352813,0.937558956403523,0.937558956403523,1.0,0.9994739842999714,0.2813943894389439,6821.0,0.005869464147743704,0.0,0.0019389438943894389,1.0,0.005881596153009813,0.0019429516329061596,1.0,-0.27792904290429044,2.746621900065585,0.9127145867020794,0.2813943894389439,,,,,,0.9879125412541254,0.9205069144626781,,,,,,,,,,,,,,,
42,recruitment,xgboost,coda,unprivileged_first,24240.0,0.9856848184818482,0.9759295516435377,0.9882450331125828,0.955804643714972,0.9717541717541718,0.2554436581382689,0.2395222129086337,0.9376714014132341,-0.015921445229635206,0.9410727776378746,0.9815303430079155,0.001585081585081585,0.007427785419532325,0.04045756537004097,0.00584270383445074,0.04045756537004097,1.0,0.9994739842999714,0.0039603960396039604,96.0,0.0005169027733958173,0.0,0.0,1.0,0.000517971195829459,0.0,1.0,-0.0022277227722772297,0.017164486950556057,0.015613195668597313,0.0039603960396039604,,,,,,,,10836.0,2110.0,2.4966430368384116,5.0,5.0,0.6534983971003464,0.18947520034349705,0.5,0.3871706692043575,0.4296154649108154,0.12230829918416175,0.45,0.39729419004177835,0.5084499958013374,0.23984948044187282
52,adult,xgboost,base_model,natural,6513.0,0.8756333486872409,0.8031190029095561,0.7866868381240545,0.6632653061224489,0.7197231833910035,0.2639489865634252,0.0768143261074458,0.2910195909730755,-0.18713466045597937,0.6740088105726872,0.5922330097087378,0.07956421261142291,0.02139874739039666,-0.08177580086394942,-0.05816546522102625,0.08177580086394942,0.0,0.9298497116237799,0.0,0.0,0.3068987124959026,0.0,0.05404575464455704,1.0,0.3092729869233814,0.054463871267213367,1.0,0.0,0.0,0.0,0.0,,,,,,,,,,,,,,,,,,,,,,
52,adult,xgboost,group_threshold,natural,6513.0,0.8549055734684478,0.7750963403561627,0.7350943396226415,0.6211734693877551,0.6733494642239889,0.21293554998861308,0.18378887841658811,0.8631197487991854,-0.029146671572024968,0.5851688693098385,0.8592233009708737,0.045559590623968305,0.11116910229645094,0.27405443166103527,0.06560951167248263,0.27405443166103527,1.0,0.9298497116237799,0.06924612313833871,451.0,0.9487862875110263,0.0,0.512052817442039,1.0,0.9541669568263988,0.5160142348754448,0.9333333333333333,-0.0207277752187931,0.5721001578261099,0.19227863079708585,0.06924612313833871,,,,,,,,,,,,,,,,,,,,,,
52,adult,xgboost,guard_threshold,natural,6513.0,0.8596652848149854,0.7808440034254349,0.7481031866464339,0.6288265306122449,0.6832986832986833,0.22181735367797767,0.16211121583411875,0.7308319802131575,-0.05970613784385892,0.6005873715124816,0.8155339805825242,0.05150214592274678,0.0918580375782881,0.2149466090700426,0.04035589165554132,0.2149466090700426,0.0,0.9298497116237799,0.05619530170428374,366.0,0.8022470660592796,0.0,0.40165822201750345,1.0,0.8078513206534556,0.40476558873588114,0.9333333333333333,-0.015968063872255467,0.43981238924008204,0.13317080820609317,0.05619530170428374,0.8177491171503147,233.0,0.06924612313833871,0.05619530170428374,0.811529933481153,,,,,,,,,,,,,,,,,
52,adult,xgboost,universal_rl,natural,6513.0,0.8395516658989712,0.7830596381626462,0.6643620364550598,0.6741071428571429,0.669199113643558,0.2639489865634252,0.20358152686145145,0.771291185891832,-0.06036745970197374,0.6740088105726872,0.6747572815533981,0.07956421261142291,0.15292275574112735,0.0007484709807108469,0.07335854312970444,0.07335854312970444,0.0,0.9298497116237799,0.0413020113618916,269.0,0.8044408147056853,0.0,0.4005834484876401,1.0,0.8021538529462044,0.40089741606065293,1.0,-0.03608168278826962,0.4802715949187565,-0.008417257734244982,0.0413020113618916,,,,,,0.8756333486872409,0.2910195909730755,,,,,,,,,,,,,,,
52,adult,xgboost,coda,natural,6513.0,0.8367879625364655,0.7764487809785188,0.6613418530351438,0.6600765306122449,0.6607085860197893,0.2366203598269187,0.2478793590951932,1.0475825464744883,0.011258999268274505,0.6248164464023495,0.8932038834951457,0.06206668867613074,0.17849686847599164,0.2683874370927962,0.1164301797998609,0.2683874370927962,1.0,0.9298497116237799,0.07723015507446646,503.0,1.1468319150360864,0.0,0.6419468754798097,1.0,1.1537447337211404,0.6469131982051679,0.9375,-0.038845386150775374,0.7565629555014128,0.1866116362288468,0.07723015507446646,,,,,,,,4798.0,2832.0,4.226978419949082,5.0,5.0,0.7755324924024675,0.14566405165218096,0.15,0.20683325067295508,0.09826819521795786,0.21999999999968403,0.6,0.48000000000000004,0.5485879767006903,0.23999999999999994
52,adult,xgboost,base_model,privileged_first,6513.0,0.8756333486872409,0.8031190029095561,0.7866868381240545,0.6632653061224489,0.7197231833910035,0.2639489865634252,0.0768143261074458,0.2910195909730755,-0.18713466045597937,0.6740088105726872,0.5922330097087378,0.07956421261142291,0.02139874739039666,-0.08177580086394942,-0.05816546522102625,0.08177580086394942,0.0,0.9298497116237799,0.0,0.0,0.004599836122273434,0.0,0.004452633195148165,1.0,0.004635422043070846,0.004487080303264738,1.0,0.0,0.0,0.0,0.0,,,,,,,,,,,,,,,,,,,,,,
52,adult,xgboost,group_threshold,privileged_first,6513.0,0.8549055734684478,0.7750963403561627,0.7350943396226415,0.6211734693877551,0.6733494642239889,0.21293554998861308,0.18378887841658811,0.8631197487991854,-0.029146671572024968,0.5851688693098385,0.8592233009708737,0.045559590623968305,0.11116910229645094,0.27405443166103527,0.06560951167248263,0.27405443166103527,1.0,0.9298497116237799,0.06924612313833871,451.0,0.003063567654586374,0.0,0.00015353907569476432,1.0,0.003087268471966742,0.00015472690700912888,1.0,-0.0207277752187931,0.5721001578261099,0.19227863079708585,0.06924612313833871,,,,,,,,,,,,,,,,,,,,,,
52,adult,xgboost,guard_threshold,privileged_first,6513.0,0.857362198679564,0.7791095545902891,0.740045078888054,0.6281887755102041,0.6795446705760607,0.21908449100432703,0.17389255419415645,0.7937237063061756,-0.045191936810170585,0.5969162995594713,0.8349514563106796,0.04919115219544404,0.10281837160751565,0.23803515675120823,0.05362721941207162,0.23803515675120823,0.0,0.9298497116237799,0.06187624750499002,403.0,0.003063567654586374,0.0,0.00015353907569476432,1.0,0.003087268471966742,0.00015472690700912888,1.0,-0.018271150007676873,0.5027041153331001,0.1562593558872588,0.06187624750499002,0.8856133886074006,181.0,0.06924612313833871,0.06187624750499002,0.893569844789357,,,,,,,,,,,,,,,,,
52,adult,xgboost,universal_rl,privileged_first,6513.0,0.7256256717334562,0.7197936871917625,0.4551413355182302,0.7085459183673469,0.5542529309054627,0.2639489865634252,0.6041470311027333,2.288878009984557,0.3401980445393081,0.6740088105726872,0.9368932038834952,0.07956421261142291,0.5683716075156576,0.26288439331080793,0.48880739490423475,0.48880739490423475,1.0,0.9298497116237799,0.17181022570244128,1119.0,0.006633522407636498,0.0,0.0053738676493167515,1.0,0.006684841627871965,0.005415441745319511,1.0,-0.1500076769537847,1.9978584190114816,0.4070315940402853,0.17181022570244128,,,,,,0.8756333486872409,0.2910195909730755,,,,,,,,,,,,,,,
52,adult,xgboost,coda,privileged_first,6513.0,0.8380162751420236,0.7659338824002806,0.6765313145216793,0.6269132653061225,0.6507778881165177,0.21293554998861308,0.24410933081998115,1.1464000766102003,0.03117378083136807,0.5851688693098385,0.9029126213592233,0.045559590623968305,0.1732776617954071,0.3177437520493849,0.1277180711714388,0.3177437520493849,1.0,0.9298497116237799,0.08889912482726854,579.0,0.003063567654586374,0.0,0.00015353907569476432,1.0,0.003087268471966742,0.00015472690700912888,1.0,-0.03761707354521726,0.8553804856371248,0.23596795118543545,0.08889912482726854,,,,,,,,1463.0,997.0,1.3421281885338878,5.0,5.0,0.5381481546900315,0.20164800296823576,0.15,0.09952029714964622,0.13004205922134565,0.20193554935290936,0.6,0.48000000000001636,0.5723211472966406,0.16142554319324193
52,adult,xgboost,base_model,unprivileged_first,6513.0,0.8756333486872409,0.8031190029095561,0.7866868381240545,0.6632653061224489,0.7197231833910035,0.2639489865634252,0.0768143261074458,0.2910195909730755,-0.18713466045597937,0.6740088105726872,0.5922330097087378,0.07956421261142291,0.02139874739039666,-0.08177580086394942,-0.05816546522102625,0.08177580086394942,0.0,0.9298497116237799,0.0,0.0,0.013296439845396,0.0,0.00998003992015968,1.0,0.007983863950652044,0.004641807210273866,1.0,0.0,0.0,0.0,0.0,,,,,,,,,,,,,,,,,,,,,,
52,adult,xgboost,group_threshold,unprivileged_first,6513.0,0.8549055734684478,0.7750963403561627,0.7350943396226415,0.6211734693877551,0.6733494642239889,0.21293554998861308,0.18378887841658811,0.8631197487991854,-0.029146671572024968,0.5851688693098385,0.8592233009708737,0.045559590623968305,0.11116910229645094,0.27405443166103527,0.06560951167248263,0.27405443166103527,1.0,0.9298497116237799,0.06924612313833871,451.0,0.010283022843573615,0.0,0.007369875633348687,1.0,0.009279487510474228,0.006343803187374285,1.0,-0.0207277752187931,0.5721001578261099,0.19227863079708585,0.06924612313833871,,,,,,,,,,,,,,,,,,,,,,
52,adult,xgboost,guard_threshold,unprivileged_first,6513.0,0.8584369722094273,0.7795995749159117,0.7443267776096822,0.6275510204081632,0.6809688581314878,0.21840127533591436,0.17106503298774742,0.7832602292483827,-0.04733624234816694,0.5961820851688693,0.8349514563106796,0.04853086827335754,0.09968684759916492,0.2387693711418103,0.05115597932580738,0.2387693711418103,0.0,0.9298497116237799,0.061415630277905725,400.0,0.011834565583718707,0.0,0.011054813450023031,1.0,0.006665407031836599,0.005879622466346898,1.0,-0.01719637647781358,0.4922406382753072,0.15699357027786087,0.061415630277905725,0.8836173806233687,183.0,0.06924612313833871,0.061415630277905725,0.8869179600886918,,,,,,,,,,,,,,,,,
52,adult,xgboost,universal_rl,unprivileged_first,6513.0,0.7283893750959619,0.7227025339964095,0.45869297163995065,0.7117346938775511,0.5578605348662834,0.2639489865634252,0.6003770028275212,2.2745948398754487,0.33642801626409596,0.6740088105726872,0.9611650485436893,0.07956421261142291,0.5615866388308977,0.2871562379710021,0.4820224262194748,0.4820224262194748,1.0,0.9298497116237799,0.17058191309688317,1111.0,0.011624332065897225,0.0,0.006909258406264394,1.0,0.011559535006218261,0.006807983908401671,1.0,-0.14724397359127894,1.9835752489023732,0.40024662535552535,0.17058191309688317,,,,,,0.8756333486872409,0.2910195909730755,,,,,,,,,,,,,,,
52,adult,xgboost,coda,unprivileged_first,6513.0,0.8562874251497006,0.7990894740100287,0.7068062827225131,0.6887755102040817,0.6976744186046512,0.25916647688453653,0.18378887841658811,0.7091537479149723,-0.07537759846794842,0.6629955947136564,0.8592233009708737,0.07758336084516342,0.11116910229645094,0.1962277062572173,0.033585741451287524,0.1962277062572173,0.0,0.9298497116237799,0.04483341010287118,292.0,0.010283022843573615,0.0,0.007369875633348687,1.0,0.009279487510474228,0.006343803187374285,1.0,-0.019345923537540277,0.4181341569418968,0.11445190539326788,0.04483341010287118,,,,,,,,2719.0,1417.0,1.8333104960702444,5.0,1.8602863002400403,0.6817820346660052,0.25180319945644075,0.15,0.05748283216057369,0.11436790461043493,0.2199999999999999,0.6,0.4800010206584267,0.5365179534146703,0.23999965929662176
52,compas,xgboost,base_model,natural,2648.0,0.7077039274924471,0.7076601861993428,0.7030791788856305,0.7221385542168675,0.712481426448737,0.6700302724520686,0.4224502112251056,0.6304942158495176,-0.24758006122696297,0.8318890814558059,0.6378162450066578,0.4444444444444444,0.24392935982339956,-0.19407283644914808,-0.20051508462104486,0.20051508462104486,0.0,0.7840404230558599,0.0,0.0,0.6545404525697287,0.0,0.18277945619335348,1.0,0.6551303937193476,0.1855273287143957,0.9444444444444444,0.0,0.0,0.0,0.0,,,,,,,,,,,,,,,,,,,,,,
52,compas,xgboost,group_threshold,natural,2648.0,0.6907099697885196,0.6904321832785688,0.6622052262587635,0.7823795180722891,0.7172937521574042,0.6004036326942482,0.587809293904647,0.9790235466546305,-0.012594338789601256,0.7694974003466204,0.7922769640479361,0.3647342995169082,0.41832229580573954,0.02277956370131573,0.05358799628883132,0.05358799628883132,1.0,0.7840404230558599,0.12953172205438065,343.0,1.0130652090319419,0.0,0.7926737160120846,1.0,1.0158684982241817,0.7925327174749808,0.75,-0.01699395770392753,0.34852933080511295,-0.14692708833221355,0.12953172205438065,,,,,,,,,,,,,,,,,,,,,,
52,compas,xgboost,guard_threshold,natural,2648.0,0.6937311178247734,0.6935491967871485,0.674074074074074,0.7537650602409639,0.7116956985424814,0.6236125126135217,0.5232347616173808,0.8390382666065119,-0.10037775099614088,0.7937608318890814,0.7230359520639148,0.3864734299516908,0.3576158940397351,-0.07072487982516662,-0.028857535911955723,0.07072487982516662,1.0,0.7840404230558599,0.0804380664652568,213.0,0.8649292444538879,0.0,0.5725075528700906,1.0,0.8686366627305154,0.5823710546574288,0.75,-0.01397280966767378,0.20854405075699434,-0.12979020479587824,0.0804380664652568,0.6544561933534743,81.0,0.12953172205438065,0.0804380664652568,0.6209912536443148,,,,,,,,,,,,,,,,,
52,compas,xgboost,universal_rl,natural,2648.0,0.6544561933534743,0.6540160642570281,0.6206896551724138,0.7996987951807228,0.6989141164856861,0.6700302724520686,0.631864815932408,0.9430392057063499,-0.038165456519660634,0.8318890814558059,0.7749667110519307,0.4444444444444444,0.5132450331125827,-0.056922370403875155,0.06880058866813832,0.06880058866813832,1.0,0.7840404230558599,0.13104229607250756,347.0,0.947921615418593,0.0,0.922583081570997,1.0,0.9487578367444811,0.9234026173979984,0.8095238095238095,-0.05324773413897288,0.3125449898568323,-0.13171449595290655,0.13104229607250756,,,,,,0.7077039274924471,0.6304942158495176,,,,,,,,,,,,,,,
52,compas,xgboost,coda,natural,2648.0,0.6903323262839879,0.689998630887185,0.6569839307787392,0.8004518072289156,0.7216564833672777,0.6135216952573158,0.6095353047676524,0.9935024457643808,-0.003986390489663427,0.7833622183708839,0.8135818908122503,0.37681159420289856,0.44039735099337746,0.030219672441366363,0.0635857567904789,0.0635857567904789,1.0,0.7840404230558599,0.13821752265861026,366.0,1.0311979577212589,0.0,0.8100453172205438,1.0,1.0343502220614842,0.8102386451116244,0.75,-0.017371601208459264,0.36300822991486326,-0.13692932783056597,0.13821752265861026,,,,,,,,1805.0,651.0,0.1491720163558859,0.8925341686065417,0.8925341686065417,0.8775209850014746,0.08226299903741621,0.4,0.359707776565622,0.3889080240254586,0.04030467272009636,0.55,0.5317315006408165,0.540944757435521,0.025666954909807305
52,compas,xgboost,base_model,privileged_first,2648.0,0.7077039274924471,0.7076601861993428,0.7030791788856305,0.7221385542168675,0.712481426448737,0.6700302724520686,0.4224502112251056,0.6304942158495176,-0.24758006122696297,0.8318890814558059,0.6378162450066578,0.4444444444444444,0.24392935982339956,-0.19407283644914808,-0.20051508462104486,0.20051508462104486,0.0,0.7840404230558599,0.0,0.0,0.010365825433298932,0.0,0.00037764350453172205,1.0,0.010565321688751184,0.00038491147036181676,0.9705882352941176,0.0,0.0,0.0,0.0,,,,,,,,,,,,,,,,,,,,,,
52,compas,xgboost,group_threshold,privileged_first,2648.0,0.6907099697885196,0.6904321832785688,0.6622052262587635,0.7823795180722891,0.7172937521574042,0.6004036326942482,0.587809293904647,0.9790235466546305,-0.012594338789601256,0.7694974003466204,0.7922769640479361,0.3647342995169082,0.41832229580573954,0.02277956370131573,0.05358799628883132,0.05358799628883132,1.0,0.7840404230558599,0.12953172205438065,343.0,0.014904882164880352,0.0,0.009818731117824773,1.0,0.01480682370000122,0.00962278675904542,1.0,-0.01699395770392753,0.34852933080511295,-0.14692708833221355,0.12953172205438065,,,,,,,,,,,,,,,,,,,,,,
52,compas,xgboost,guard_threshold,privileged_first,2648.0,0.7020392749244713,0.7019395764877693,0.6907289455060156,0.7349397590361446,0.7121488507843854,0.6236125126135217,0.47978273989136994,0.7693603482724072,-0.14382977272215175,0.7920277296360485,0.6910785619174434,0.3888888888888889,0.304635761589404,-0.10094916771860507,-0.08425312729948492,0.10094916771860507,0.0,0.7840404230558599,0.05324773413897281,141.0,0.014285015322783538,0.0,0.008308157099697885,1.0,0.014559938635385222,0.008468052347959968,0.9565217391304348,-0.005664652567975881,0.1388661324228896,-0.0995659169024398,0.05324773413897281,0.45770392749244715,49.0,0.12953172205438065,0.05324773413897281,0.4110787172011662,,,,,,,,,,,,,,,,,
52,compas,xgboost,universal_rl,privileged_first,2648.0,0.6582326283987915,0.6576761591821834,0.616657473800331,0.8418674698795181,0.7118751989812161,0.6700302724520686,0.6934218467109233,1.034911220015851,0.02339157425885474,0.8318890814558059,0.8495339547270306,0.4444444444444444,0.5640176600441501,0.01764487327122477,0.11957321559970568,0.11957321559970568,1.0,0.7840404230558599,0.1695619335347432,449.0,0.019556241586125764,0.0,0.01850453172205438,1.0,0.01993261267130909,0.018860662047729022,1.0,-0.04947129909365566,0.4044170041663334,-0.08094186902133918,0.1695619335347432,,,,,,0.7077039274924471,0.6304942158495176,,,,,,,,,,,,,,,
52,compas,xgboost,coda,privileged_first,2648.0,0.6910876132930514,0.6907516429353779,0.6574074074074074,0.8019578313253012,0.7225237449118045,0.6004036326942482,0.6185878092939047,1.0302865865718647,0.018184176599656432,0.7694974003466204,0.8268974700399467,0.3647342995169082,0.445916114790287,0.05740006969332634,0.08118181527337875,0.08118181527337875,1.0,0.7840404230558599,0.1487915407854985,394.0,0.014904882164880352,0.0,0.009818731117824773,1.0,0.01480682370000122,0.00962278675904542,1.0,-0.0166163141993958,0.3997923707223471,-0.11933326934766611,0.1487915407854985,,,,,,,,927.0,431.0,0.05557759028347461,0.4452352968923009,0.10866117869714532,0.8741900847352412,0.08505482382086978,0.4,0.37425274482430626,0.3901164498571862,0.025747255175693762,0.55,0.5569838132381313,0.5527006728569962,0.006983813238131242
52,compas,xgboost,base_model,unprivileged_first,2648.0,0.7077039274924471,0.7076601861993428,0.7030791788856305,0.7221385542168675,0.712481426448737,0.6700302724520686,0.4224502112251056,0.6304942158495176,-0.24758006122696297,0.8318890814558059,0.6378162450066578,0.4444444444444444,0.24392935982339956,-0.19407283644914808,-0.20051508462104486,0.20051508462104486,0.0,0.7840404230558599,0.0,0.0,0.0059171529534218,0.0,0.00037764350453172205,1.0,0.005646120485242851,0.0,0.9705882352941176,0.0,0.0,0.0,0.0,,,,,,,,,,,,,,,,,,,,,,
52,compas,xgboost,group_threshold,unprivileged_first,2648.0,0.6907099697885196,0.6904321832785688,0.6622052262587635,0.7823795180722891,0.7172937521574042,0.6004036326942482,0.587809293904647,0.9790235466546305,-0.012594338789601256,0.7694974003466204,0.7922769640479361,0.3647342995169082,0.41832229580573954,0.02277956370131573,0.05358799628883132,0.05358799628883132,1.0,0.7840404230558599,0.12953172205438065,343.0,0.012539389746143475,0.0,0.004909365558912387,1.0,0.012395806023013057,0.004618937644341801,1.0,-0.01699395770392753,0.34852933080511295,-0.14692708833221355,0.12953172205438065,,,,,,,,,,,,,,,,,,,,,,
52,compas,xgboost,guard_threshold,unprivileged_first,2648.0,0.7027945619335347,0.702701715954728,0.6922530206112296,0.733433734939759,0.7122486288848264,0.62058526740666,0.4779722389861195,0.7701959168052754,-0.14261302842054047,0.7902946273830156,0.6897470039946738,0.38405797101449274,0.30242825607064017,-0.10054762338834178,-0.08162971494385257,0.10054762338834178,0.0,0.7840404230558599,0.05324773413897281,141.0,0.00746578403216035,0.0,0.00037764350453172205,1.0,0.007224555857259666,0.0,0.9565217391304348,-0.004909365558912415,0.13970170095575785,-0.09996746123270309,0.05324773413897281,0.4637462235649547,48.0,0.12953172205438065,0.05324773413897281,0.4110787172011662,,,,,,,,,,,,,,,,,
52,compas,xgboost,universal_rl,unprivileged_first,2648.0,0.6601208459214502,0.6595678167214312,0.618232044198895,0.8426204819277109,0.7131931166347993,0.6700302724520686,0.6916113458056729,1.0322091019479245,0.021581073353604263,0.8318890814558059,0.8508655126498003,0.4444444444444444,0.5596026490066225,0.018976431193994392,0.11515820456217807,0.11515820456217807,1.0,0.7840404230558599,0.16842900302114805,446.0,0.018479033136222914,0.0,0.017371601208459216,1.0,0.018449761256627516,0.017321016166281754,1.0,-0.047583081570997,0.4017148860984069,-0.0853568800588668,0.16842900302114805,,,,,,0.7077039274924471,0.6304942158495176,,,,,,,,,,,,,,,
52,compas,xgboost,coda,unprivileged_first,2648.0,0.695619335347432,0.6953701168309603,0.6690414507772021,0.7778614457831325,0.7193593314763231,0.5751765893037336,0.587809293904647,1.0219631758938688,0.01263270460091337,0.7590987868284229,0.7922769640479361,0.3188405797101449,0.41832229580573954,0.033178177219513216,0.09948171609559464,0.09948171609559464,1.0,0.7840404230558599,0.13897280966767372,368.0,0.012539389746143475,0.0,0.004909365558912387,1.0,0.012395806023013057,0.004618937644341801,1.0,-0.012084592145015116,0.39146896004435117,-0.10103336852545022,0.13897280966767372,,,,,,,,638.0,117.0,0.09487815996426038,0.8232807320232682,0.48783109157094123,0.8559838319023255,0.08605029914175887,0.4,0.33846118155733407,0.38616096564943275,0.061538818442665955,0.55,0.5671706601492257,0.5538938083268501,0.017170660149225636
52,german_credit,xgboost,base_model,natural,200.0,0.79,0.7357142857142858,0.8356164383561644,0.8714285714285714,0.8531468531468531,0.7445255474452555,0.6984126984126984,0.9380641145347027,-0.04611284903255708,0.8571428571428571,0.9047619047619048,0.46153846153846156,0.2857142857142857,0.04761904761904767,-0.17582417582417587,0.17582417582417587,1.0,0.8484523809523808,0.0,0.0,0.9716639858045677,0.0,0.795,1.0,0.9219722782041824,0.7533333333333333,0.5,0.0,0.0,0.0,0.0,,,,,,,,,,,,,,,,,,,,,,
52,german_credit,xgboost,group_threshold,natural,200.0,0.775,0.6964285714285714,0.8064516129032258,0.8928571428571429,0.8474576271186439,0.7883211678832117,0.746031746031746,0.9463550852439742,-0.04228942185146567,0.8775510204081632,0.9285714285714286,0.5641025641025641,0.38095238095238093,0.05102040816326536,-0.18315018315018317,0.18315018315018317,1.0,0.8484523809523808,0.045,9.0,0.946868848531132,0.0,0.82,1.0,0.9246540189928812,0.7866666666666666,0.5,-0.015000000000000013,0.008290970709271428,0.0073260073260073,0.045,,,,,,,,,,,,,,,,,,,,,,
52,german_credit,xgboost,guard_threshold,natural,200.0,0.795,0.7345238095238096,0.8322147651006712,0.8857142857142857,0.8581314878892733,0.7591240875912408,0.7142857142857143,0.940934065934066,-0.044838373305526535,0.8775510204081632,0.9047619047619048,0.46153846153846156,0.3333333333333333,0.027210884353741527,-0.12820512820512825,0.12820512820512825,1.0,0.8484523809523808,0.015,3.0,0.9704964733960375,0.0,0.8,1.0,0.9204155949928088,0.76,0.5,0.0050000000000000044,0.002869951399363302,-0.047619047619047616,0.015,0.38,5.0,0.045,0.015,0.3333333333333333,,,,,,,,,,,,,,,,,
52,german_credit,xgboost,universal_rl,natural,200.0,0.775,0.7107142857142857,0.8187919463087249,0.8714285714285714,0.8442906574394465,0.7445255474452555,0.746031746031746,1.0020230314347962,0.0015061985864905925,0.8571428571428571,0.9047619047619048,0.46153846153846156,0.42857142857142855,0.04761904761904767,-0.032967032967033016,0.04761904761904767,1.0,0.8484523809523808,0.015,3.0,1.0263484300599688,0.0,0.955,1.0,0.9948848705447172,0.9666666666666667,0.425,-0.015000000000000013,0.06395891690009348,-0.1282051282051282,0.015,,,,,,0.79,0.9380641145347027,,,,,,,,,,,,,,,
52,german_credit,xgboost,coda,natural,200.0,0.775,0.6964285714285714,0.8064516129032258,0.8928571428571429,0.8474576271186439,0.7883211678832117,0.746031746031746,0.9463550852439742,-0.04228942185146567,0.8775510204081632,0.9285714285714286,0.5641025641025641,0.38095238095238093,0.05102040816326536,-0.18315018315018317,0.18315018315018317,1.0,0.8484523809523808,0.045,9.0,0.946868848531132,0.0,0.82,1.0,0.9246540189928812,0.7866666666666666,0.5,-0.015000000000000013,0.008290970709271428,0.0073260073260073,0.045,,,,,,,,30.0,28.0,0.0019711659604639865,0.024105026864303405,0.0,0.8932675201607961,0.15316438149018632,0.3,0.3000073226935205,0.3000046105587269,9.0077233662611e-06,0.35,0.3499693181060509,0.3499798031111348,3.116903591587894e-05
52,german_credit,xgboost,base_model,privileged_first,200.0,0.79,0.7357142857142858,0.8356164383561644,0.8714285714285714,0.8531468531468531,0.7445255474452555,0.6984126984126984,0.9380641145347027,-0.04611284903255708,0.8571428571428571,0.9047619047619048,0.46153846153846156,0.2857142857142857,0.04761904761904767,-0.17582417582417587,0.17582417582417587,1.0,0.8484523809523808,0.0,0.0,0.21767879705442258,0.0,0.175,1.0,0.28357172940589676,0.22666666666666666,0.9117647058823529,0.0,0.0,0.0,0.0,,,,,,,,,,,,,,,,,,,,,,
52,german_credit,xgboost,group_threshold,privileged_first,200.0,0.775,0.6964285714285714,0.8064516129032258,0.8928571428571429,0.8474576271186439,0.7883211678832117,0.746031746031746,0.9463550852439742,-0.04228942185146567,0.8775510204081632,0.9285714285714286,0.5641025641025641,0.38095238095238093,0.05102040816326536,-0.18315018315018317,0.18315018315018317,1.0,0.8484523809523808,0.045,9.0,0.22774809724232029,0.0,0.215,1.0,0.2969974629897604,0.28,0.9411764705882353,-0.015000000000000013,0.008290970709271428,0.0073260073260073,0.045,,,,,,,,,,,,,,,,,,,,,,
52,german_credit,xgboost,guard_threshold,privileged_first,200.0,0.78,0.7142857142857143,0.82,0.8785714285714286,0.8482758620689655,0.7664233576642335,0.7142857142857143,0.9319727891156463,-0.05213764337851923,0.8673469387755102,0.9047619047619048,0.5128205128205128,0.3333333333333333,0.0374149659863946,-0.17948717948717946,0.17948717948717946,1.0,0.8484523809523808,0.02,4.0,0.21633281308477337,0.0,0.16,1.0,0.2817770841130311,0.20666666666666667,0.9117647058823529,-0.010000000000000009,-0.006091325419056437,0.0036630036630035945,0.02,0.585,6.0,0.045,0.02,0.4444444444444444,,,,,,,,,,,,,,,,,
52,german_credit,xgboost,universal_rl,privileged_first,200.0,0.76,0.6714285714285715,0.7911392405063291,0.8928571428571429,0.8389261744966443,0.7445255474452555,0.8888888888888888,1.1938997821350763,0.1443633414436334,0.8571428571428571,0.9761904761904762,0.46153846153846156,0.7142857142857143,0.11904761904761907,0.25274725274725274,0.25274725274725274,1.0,0.8484523809523808,0.06,12.0,0.25820000810759314,0.0,0.25,1.0,0.33760001081012414,0.32666666666666666,1.0,-0.030000000000000027,0.2558356676003736,0.07692307692307687,0.06,,,,,,0.79,0.9380641145347027,,,,,,,,,,,,,,,
52,german_credit,xgboost,coda,privileged_first,200.0,0.775,0.6964285714285714,0.8064516129032258,0.8928571428571429,0.8474576271186439,0.7883211678832117,0.746031746031746,0.9463550852439742,-0.04228942185146567,0.8775510204081632,0.9285714285714286,0.5641025641025641,0.38095238095238093,0.05102040816326536,-0.18315018315018317,0.18315018315018317,1.0,0.8484523809523808,0.045,9.0,0.22774809724232029,0.0,0.215,1.0,0.2969974629897604,0.28,0.9411764705882353,-0.015000000000000013,0.008290970709271428,0.0073260073260073,0.045,,,,,,,,19.0,15.0,0.0003133962876501079,0.008097561395002952,0.003350754570209781,0.7325457538880502,0.1375104781523013,0.3,0.2999941759953053,0.29999949117657854,5.82400469473221e-06,0.35,0.35000174720140853,0.3500001526470264,1.7472014085528897e-06
52,german_credit,xgboost,base_model,unprivileged_first,200.0,0.79,0.7357142857142858,0.8356164383561644,0.8714285714285714,0.8531468531468531,0.7445255474452555,0.6984126984126984,0.9380641145347027,-0.04611284903255708,0.8571428571428571,0.9047619047619048,0.46153846153846156,0.2857142857142857,0.04761904761904767,-0.17582417582417587,0.17582417582417587,1.0,0.8484523809523808,0.0,0.0,0.2841769828542897,0.0,0.24,1.0,0.3789026438057196,0.32,0.9117647058823529,0.0,0.0,0.0,0.0,,,,,,,,,,,,,,,,,,,,,,
52,german_credit,xgboost,group_threshold,unprivileged_first,200.0,0.775,0.6964285714285714,0.8064516129032258,0.8928571428571429,0.8474576271186439,0.7883211678832117,0.746031746031746,0.9463550852439742,-0.04228942185146567,0.8775510204081632,0.9285714285714286,0.5641025641025641,0.38095238095238093,0.05102040816326536,-0.18315018315018317,0.18315018315018317,1.0,0.8484523809523808,0.045,9.0,0.2596993095815669,0.0,0.24,1.0,0.3462657461087558,0.32,0.9393939393939394,-0.015000000000000013,0.008290970709271428,0.0073260073260073,0.045,,,,,,,,,,,,,,,,,,,,,,
52,german_credit,xgboost,guard_threshold,unprivileged_first,200.0,0.785,0.7178571428571429,0.8211920529801324,0.8857142857142857,0.852233676975945,0.781021897810219,0.6984126984126984,0.8942293428274736,-0.08260919939752065,0.8775510204081632,0.9047619047619048,0.5384615384615384,0.2857142857142857,0.027210884353741527,-0.25274725274725274,0.25274725274725274,1.0,0.8484523809523808,0.025,5.0,0.2551074683583362,0.0,0.24,1.0,0.34014329114444825,0.32,0.9117647058823529,-0.0050000000000000044,-0.04383477170722916,0.07692307692307687,0.025,0.545,5.0,0.045,0.025,0.5555555555555556,,,,,,,,,,,,,,,,,
52,german_credit,xgboost,universal_rl,unprivileged_first,200.0,0.785,0.7273809523809525,0.8299319727891157,0.8714285714285714,0.8501742160278746,0.7445255474452555,0.7142857142857143,0.9593837535014006,-0.030239833159541152,0.8571428571428571,0.9047619047619048,0.46153846153846156,0.3333333333333333,0.04761904761904767,-0.12820512820512825,0.12820512820512825,1.0,0.8484523809523808,0.005,1.0,0.2981523940825881,0.0,0.24,1.0,0.39753652544345075,0.32,0.9117647058823529,-0.0050000000000000044,0.021319638966697863,-0.047619047619047616,0.005,,,,,,0.79,0.9380641145347027,,,,,,,,,,,,,,,
52,german_credit,xgboost,coda,unprivileged_first,200.0,0.775,0.6964285714285714,0.8064516129032258,0.8928571428571429,0.8474576271186439,0.7883211678832117,0.746031746031746,0.9463550852439742,-0.04228942185146567,0.8775510204081632,0.9285714285714286,0.5641025641025641,0.38095238095238093,0.05102040816326536,-0.18315018315018317,0.18315018315018317,1.0,0.8484523809523808,0.045,9.0,0.2596993095815669,0.0,0.24,1.0,0.3462657461087558,0.32,0.9393939393939394,-0.015000000000000013,0.008290970709271428,0.0073260073260073,0.045,,,,,,,,10.0,10.0,0.00015404677021676262,0.0049991470437610215,0.0,0.8527679596786933,0.15869241579817622,0.3,0.30000069964933723,0.3000003289219443,6.996493371880241e-07,0.35,0.34999766783554254,0.34999890359351915,2.3321644574414435e-06
52,bank_marketing,xgboost,base_model,natural,2233.0,0.7357814599193909,0.7299718457145156,0.7779097387173397,0.6190926275992439,0.6894736842105263,0.3380414312617702,0.41246797608881297,1.2201698902682991,0.07442654482704275,0.5925155925155925,0.6412478336221837,0.12736660929432014,0.19023569023569023,0.048732241106591245,0.06286908094137009,0.06286908094137009,1.0,0.7896520934722279,0.0,0.0,1.3383164874045144,0.0,0.877295118674429,1.0,1.33596483468858,0.874942739349519,0.6666666666666667,0.0,0.0,0.0,0.0,,,,,,,,,,,,,,,,,,,,,,
52,bank_marketing,xgboost,group_threshold,natural,2233.0,0.7380206000895656,0.7352053251819973,0.7440660474716202,0.6814744801512287,0.7113961519486927,0.3851224105461394,0.47822374039282667,1.241744773342743,0.09310132984668729,0.6486486486486487,0.708838821490468,0.16695352839931152,0.2542087542087542,0.06019017284181927,0.0872552258094427,0.0872552258094427,1.0,0.7896520934722279,0.05687416032243618,127.0,1.3558647566259734,0.0,0.9359605911330049,1.0,1.3565092633425708,0.9349519010535959,0.5535714285714286,0.0022391401701746805,0.021574883074443774,0.024386144868072612,0.05687416032243618,,,,,,,,,,,,,,,,,,,,,,
52,bank_marketing,xgboost,guard_threshold,natural,2233.0,0.741603224361845,0.7377625387121425,0.76,0.6644612476370511,0.7090267271810388,0.3681732580037665,0.4560204953031597,1.2386029821277635,0.0878472372993932,0.6340956340956341,0.6897746967071057,0.14802065404475043,0.22895622895622897,0.0556790626114716,0.08093557491147854,0.08093557491147854,1.0,0.7896520934722279,0.03716972682489924,83.0,1.3655381027520925,0.0,0.9108822212270488,1.0,1.3638099409969364,0.9092991296381127,0.564935064935065,0.00582176444245408,0.0184330918594644,0.018066493970108455,0.03716972682489924,0.6372592924317062,73.0,0.05687416032243618,0.03716972682489924,0.6535433070866141,,,,,,,,,,,,,,,,,
52,bank_marketing,xgboost,universal_rl,natural,2233.0,0.7317510076130765,0.7265655793749748,0.7640966628308401,0.6275992438563327,0.6891541255838091,0.3380414312617702,0.43552519214346713,1.2883781450037943,0.09748376088169691,0.5925155925155925,0.6568457538994801,0.12736660929432014,0.22053872053872053,0.06433016138388759,0.09317211124440039,0.09317211124440039,1.0,0.7896520934722279,0.012091356918943126,27.0,1.3941496944850895,0.0,0.9601433049708912,1.0,1.3930768600715042,0.9596885020613835,0.6153846153846154,-0.0040304523063143805,0.06820825473549519,0.030303030303030304,0.012091356918943126,,,,,,0.7357814599193909,1.2201698902682991,,,,,,,,,,,,,,,
52,bank_marketing,xgboost,coda,natural,2233.0,0.7178683385579937,0.7186445722559627,0.6903914590747331,0.7334593572778828,0.7112740604949587,0.4971751412429379,0.5089666951323655,1.023717102709417,0.011791553889427597,0.7318087318087318,0.7348353552859619,0.3029259896729776,0.2895622895622896,0.0030266234772300393,-0.013363700110688048,0.013363700110688048,1.0,0.7896520934722279,0.12628750559785043,282.0,1.0865929872615687,0.0,0.7563815494849978,1.0,1.0810700233101767,0.7512597343105818,0.6428571428571429,-0.017913121361397222,-0.19645278755888218,-0.04950538083068204,0.12628750559785043,,,,,,,,1696.0,851.0,0.4816261721953725,1.9234661298972828,0.9693604088789509,0.8359099140267351,0.11798456751535377,0.45,0.34869251234224463,0.4241360542099823,0.1422031163229825,0.45,0.33128058200611854,0.3718264842223164,0.12
52,bank_marketing,xgboost,base_model,privileged_first,2233.0,0.7357814599193909,0.7299718457145156,0.7779097387173397,0.6190926275992439,0.6894736842105263,0.3380414312617702,0.41246797608881297,1.2201698902682991,0.07442654482704275,0.5925155925155925,0.6412478336221837,0.12736660929432014,0.19023569023569023,0.048732241106591245,0.06286908094137009,0.06286908094137009,1.0,0.7896520934722279,0.0,0.0,0.03098715993535893,0.0,0.021495745633676667,1.0,0.03123881270529386,0.02153000458085204,0.8636363636363636,0.0,0.0,0.0,0.0,,,,,,,,,,,,,,,,,,,,,,
52,bank_marketing,xgboost,group_threshold,privileged_first,2233.0,0.7380206000895656,0.7352053251819973,0.7440660474716202,0.6814744801512287,0.7113961519486927,0.3851224105461394,0.47822374039282667,1.241744773342743,0.09310132984668729,0.6486486486486487,0.708838821490468,0.16695352839931152,0.2542087542087542,0.06019017284181927,0.0872552258094427,0.0872552258094427,1.0,0.7896520934722279,0.05687416032243618,127.0,0.031127182367557574,0.0,0.021495745633676667,1.0,0.03138204224771236,0.02153000458085204,0.9130434782608695,0.0022391401701746805,0.021574883074443774,0.024386144868072612,0.05687416032243618,,,,,,,,,,,,,,,,,,,,,,
52,bank_marketing,xgboost,guard_threshold,privileged_first,2233.0,0.7384684281236006,0.7340779471503841,0.7627494456762749,0.6502835538752363,0.7020408163265306,0.3757062146892655,0.4295473953885568,1.1433066012597677,0.05384118069929128,0.6361746361746362,0.6620450606585788,0.16006884681583478,0.2037037037037037,0.02587042448394261,0.04363485688786892,0.04363485688786892,1.0,0.7896520934722279,0.026869682042095836,60.0,0.029649635174660696,0.0,0.021495745633676667,1.0,0.02987065292946282,0.02153000458085204,0.8695652173913043,0.002686968204209661,-0.07686328900853145,-0.01923422405350117,0.026869682042095836,0.5351545006717421,47.0,0.05687416032243618,0.026869682042095836,0.47244094488188976,,,,,,,,,,,,,,,,,
52,bank_marketing,xgboost,universal_rl,privileged_first,2233.0,0.6972682489923869,0.6988348147850219,0.6646551724137931,0.7287334593572778,0.6952209197475204,0.3380414312617702,0.6840307429547395,2.023511557153018,0.3459893116929693,0.5925155925155925,0.8422876949740035,0.12736660929432014,0.5303030303030303,0.24977210245841097,0.40293642100871013,0.40293642100871013,1.0,0.7896520934722279,0.14240931482310792,318.0,0.03143060954661815,0.0,0.021495745633676667,1.0,0.03169241920183158,0.02153000458085204,1.0,-0.038513210927003994,0.8033416668847189,0.3400673400673401,0.14240931482310792,,,,,,0.7357814599193909,1.2201698902682991,,,,,,,,,,,,,,,
52,bank_marketing,xgboost,coda,privileged_first,2233.0,0.7380206000895656,0.7342641676386599,0.7545748116254036,0.6625708884688091,0.7055863110216406,0.3851224105461394,0.444064901793339,1.1530487181039755,0.058942491247199635,0.6486486486486487,0.6741767764298093,0.16695352839931152,0.22053872053872053,0.025528127781160648,0.053585192139409016,0.053585192139409016,1.0,0.7896520934722279,0.03896103896103896,87.0,0.031127182367557574,0.0,0.021495745633676667,1.0,0.03138204224771236,0.02153000458085204,0.9130434782608695,0.0022391401701746805,-0.06712117216432367,-0.009283888801961071,0.03896103896103896,,,,,,,,900.0,310.0,0.18642517523842234,0.9866344742434081,0.29962999586358147,0.8110997510360424,0.12469328849409833,0.45,0.48474333807014547,0.46404726258162293,0.03504094653761036,0.45,0.33000000000000007,0.39942973404939425,0.12
52,bank_marketing,xgboost,base_model,unprivileged_first,2233.0,0.7357814599193909,0.7299718457145156,0.7779097387173397,0.6190926275992439,0.6894736842105263,0.3380414312617702,0.41246797608881297,1.2201698902682991,0.07442654482704275,0.5925155925155925,0.6412478336221837,0.12736660929432014,0.19023569023569023,0.048732241106591245,0.06286908094137009,0.06286908094137009,1.0,0.7896520934722279,0.0,0.0,0.02447269709844458,0.0,0.02104791759964174,1.0,0.02503322612039704,0.02153000458085204,0.8636363636363636,0.0,0.0,0.0,0.0,,,,,,,,,,,,,,,,,,,,,,
52,bank_marketing,xgboost,group_threshold,unprivileged_first,2233.0,0.7380206000895656,0.7352053251819973,0.7440660474716202,0.6814744801512287,0.7113961519486927,0.3851224105461394,0.47822374039282667,1.241744773342743,0.09310132984668729,0.6486486486486487,0.708838821490468,0.16695352839931152,0.2542087542087542,0.06019017284181927,0.0872552258094427,0.0872552258094427,1.0,0.7896520934722279,0.05687416032243618,127.0,0.02407275517043074,0.0,0.020600089565606806,1.0,0.024624123818402125,0.021071919377004124,0.9130434782608695,0.0022391401701746805,0.021574883074443774,0.024386144868072612,0.05687416032243618,,,,,,,,,,,,,,,,,,,,,,
52,bank_marketing,xgboost,guard_threshold,unprivileged_first,2233.0,0.7393640841916704,0.7349290109801714,0.7644444444444445,0.6502835538752363,0.7027579162410623,0.3747645951035782,0.4286934244235696,1.1439005445674144,0.053928829319991434,0.6382536382536382,0.6603119584055459,0.1566265060240964,0.2037037037037037,0.022058320151907673,0.0470771976796073,0.0470771976796073,1.0,0.7896520934722279,0.025974025974025976,58.0,0.02062060535056497,0.0,0.0161218092252575,1.0,0.02109290506083902,0.016491067338524967,0.8695652173913043,0.003582624272279511,-0.07626934570088473,-0.015791883261762785,0.025974025974025976,0.5176892073443797,46.0,0.05687416032243618,0.025974025974025976,0.4566929133858268,,,,,,,,,,,,,,,,,
52,bank_marketing,xgboost,universal_rl,unprivileged_first,2233.0,0.6941334527541424,0.6958090335035997,0.6609442060085837,0.7277882797731569,0.6927575348627979,0.3380414312617702,0.6883005977796754,2.036142715437369,0.35025916651790523,0.5925155925155925,0.8405545927209706,0.12736660929432014,0.5404040404040404,0.24803900020537806,0.4130374311097203,0.4130374311097203,1.0,0.7896520934722279,0.14464845499328258,323.0,0.040041930386260985,0.0,0.021495745633676667,1.0,0.04095906117843371,0.021988089784699953,1.0,-0.041648007165248524,0.8159728251690697,0.35016835016835024,0.14464845499328258,,,,,,0.7357814599193909,1.2201698902682991,,,,,,,,,,,,,,,
52,bank_marketing,xgboost,coda,unprivileged_first,2233.0,0.7330944917151814,0.7317009210473394,0.7242718446601941,0.7051039697542533,0.7145593869731801,0.4425612052730697,0.47822374039282667,1.0805821538237912,0.03566253511975698,0.7006237006237006,0.708838821490468,0.2289156626506024,0.2542087542087542,0.008215120866767345,0.02529309155815182,0.02529309155815182,1.0,0.7896520934722279,0.08419167039856695,188.0,0.02407275517043074,0.0,0.020600089565606806,1.0,0.024624123818402125,0.021071919377004124,0.9615384615384616,-0.00268696820420955,-0.13958773644450795,-0.03757598938321827,0.08419167039856695,,,,,,,,657.0,252.0,0.1239230422696853,1.0893015540339066,0.2738994414795547,0.875463127572885,0.09355702309010733,0.45,0.44693927037540265,0.45336402882438714,0.028335011123637788,0.45,0.37198247799201467,0.4314011797920761,0.07803446658266971
52,recruitment,xgboost,base_model,natural,24240.0,0.9888613861386139,0.9832968903603017,0.9847476878143762,0.9718174539631705,0.978239845261122,0.26424050632911394,0.239282769991756,0.9055491654777831,-0.024957736337357955,0.9693955623565417,0.9759036144578314,0.0037682524729156855,0.007317073170731708,0.006508052101289685,0.0035488206978160223,0.006508052101289685,1.0,0.9994949936053316,0.0,0.0,1.0192843980885316,0.0,0.5957920792079208,1.0,1.0191198130948924,0.5953286482017363,1.0,0.0,0.0,0.0,0.0,,,,,,,,,,,,,,,,,,,,,,
52,recruitment,xgboost,group_threshold,natural,24240.0,0.9891914191419142,0.9862376592021047,0.9779517494807477,0.9801441152922338,0.9790467050543826,0.2708447991194276,0.239282769991756,0.8834682104648629,-0.031562029127671615,0.9826574853353737,0.9759036144578314,0.00791333019312294,0.007317073170731708,-0.006753870877542312,-0.0005962570223912314,0.006753870877542312,1.0,0.9994949936053316,0.0039603960396039604,96.0,0.9863748803900804,0.0,0.5777227722772277,1.0,0.9861422724164941,0.5772219925589086,1.0,0.00033003300330036733,-0.022080955012920178,0.0002458187762526265,0.0039603960396039604,,,,,,,,,,,,,,,,,,,,,,
52,recruitment,xgboost,guard_threshold,natural,24240.0,0.989026402640264,0.9852377817786322,0.9799325734467812,0.97742193755004,0.978675645342312,0.2687809576224546,0.239282769991756,0.8902519438444242,-0.029498187630698586,0.978321856669217,0.9759036144578314,0.006688648139425341,0.007317073170731708,-0.002418242211385646,0.0006284250313063665,0.002418242211385646,1.0,0.9994949936053316,0.0027227722772277226,66.0,0.9951511120041714,0.0,0.5846122112211221,1.0,0.9949366442364844,0.5841256717651923,1.0,0.00016501650165012816,-0.015297221633358893,-0.004089809889904039,0.0027227722772277226,0.7002062706270628,1036.0,0.0039603960396039604,0.0027227722772277226,0.6875,,,,,,,,,,,,,,,,,
52,recruitment,xgboost,universal_rl,natural,24240.0,0.9762788778877888,0.9750314283101946,0.9377702285361335,0.9724579663730984,0.9547991510101407,0.26424050632911394,0.2715375103050289,1.0276150090585523,0.0072970039759149286,0.9693955623565417,0.9776247848537005,0.0037682524729156855,0.0491869918699187,0.00822922249715885,0.04541873939700301,0.04541873939700301,1.0,0.9994949936053316,0.012912541254125413,313.0,1.139807266961566,0.0,0.7122112211221122,1.0,1.138355636122403,0.7116990491938817,1.0,-0.012582508250825075,0.12206584358076922,0.03891068729571333,0.012912541254125413,,,,,,0.9888613861386139,0.9055491654777831,,,,,,,,,,,,,,,
52,recruitment,xgboost,coda,natural,24240.0,0.9844884488448845,0.9842202408773364,0.9573009194327567,0.9836669335468374,0.9703048491549519,0.27318381948266374,0.25206100577081614,0.922679118580857,-0.0211228137118476,0.9795970415710278,0.9905335628227194,0.012246820536975978,0.01951219512195122,0.010936521251691644,0.007265374584975242,0.010936521251691644,1.0,0.9994949936053316,0.013201320132013201,320.0,1.0333362544928244,0.0,0.6126650165016502,1.0,1.0332007142623194,0.6122364613476643,1.0,-0.00437293729372934,0.01712995310307397,0.004428469150401959,0.013201320132013201,,,,,,,,16982.0,2967.0,1.7680053076104618,5.0,3.081423929963275,0.7842536479683964,0.15821203656098928,0.5,0.474659122007079,0.4059303056733421,0.23999999999999988,0.45,0.3301645523761779,0.4316539424671023,0.23999999999999977
52,recruitment,xgboost,base_model,privileged_first,24240.0,0.9888613861386139,0.9832968903603017,0.9847476878143762,0.9718174539631705,0.978239845261122,0.26424050632911394,0.239282769991756,0.9055491654777831,-0.024957736337357955,0.9693955623565417,0.9759036144578314,0.0037682524729156855,0.007317073170731708,0.006508052101289685,0.0035488206978160223,0.006508052101289685,1.0,0.9994949936053316,0.0,0.0,0.0028650949950871905,0.0,0.0018564356435643563,1.0,0.0028710170599798883,0.0018602728400165358,1.0,0.0,0.0,0.0,0.0,,,,,,,,,,,,,,,,,,,,,,
52,recruitment,xgboost,group_threshold,privileged_first,24240.0,0.9891914191419142,0.9862376592021047,0.9779517494807477,0.9801441152922338,0.9790467050543826,0.2708447991194276,0.239282769991756,0.8834682104648629,-0.031562029127671615,0.9826574853353737,0.9759036144578314,0.00791333019312294,0.007317073170731708,-0.006753870877542312,-0.0005962570223912314,0.006753870877542312,1.0,0.9994949936053316,0.0039603960396039604,96.0,0.0028650949950871905,0.0,0.0018564356435643563,1.0,0.0028710170599798883,0.0018602728400165358,1.0,0.00033003300330036733,-0.022080955012920178,0.0002458187762526265,0.0039603960396039604,,,,,,,,,,,,,,,,,,,,,,
52,recruitment,xgboost,guard_threshold,privileged_first,24240.0,0.9890676567656765,0.9857360742720322,0.97870637207813,0.9788630904723779,0.9787847250020014,0.26995046780407267,0.239282769991756,0.8863950929154345,-0.03066769781231668,0.9806171894924764,0.9759036144578314,0.0074422986340084785,0.007317073170731708,-0.00471357503464509,-0.00012522546327677075,0.00471357503464509,1.0,0.9994949936053316,0.0034240924092409242,83.0,0.0028650949950871905,0.0,0.0018564356435643563,1.0,0.0028710170599798883,0.0018602728400165358,1.0,0.00020627062706268795,-0.01915407256234858,-0.0017944770666445953,0.0034240924092409242,0.8861798679867987,672.0,0.0039603960396039604,0.0034240924092409242,0.8645833333333334,,,,,,,,,,,,,,,,,
52,recruitment,xgboost,universal_rl,privileged_first,24240.0,0.8429455445544555,0.8879471902056237,0.624235629841011,0.9807846277021617,0.7629071433019866,0.26424050632911394,0.6153132728771641,2.328610709331543,0.35107276654805014,0.9693955623565417,1.0,0.0037682524729156855,0.49417344173441735,0.030604437643458327,0.4904051892615017,0.4904051892615017,1.0,0.9994949936053316,0.15053630363036305,3649.0,0.0028650949950871905,0.0,0.0018564356435643563,1.0,0.0028710170599798883,0.0018602728400165358,1.0,-0.14591584158415838,1.42306154385376,0.483897137160212,0.15053630363036305,,,,,,0.9888613861386139,0.9055491654777831,,,,,,,,,,,,,,,
52,recruitment,xgboost,coda,privileged_first,24240.0,0.9886551155115512,0.9860855619755599,0.9753184713375797,0.9807846277021617,0.9780439121756487,0.2708447991194276,0.24144682605111295,0.8914582330401265,-0.029397973068314653,0.9826574853353737,0.9776247848537005,0.00791333019312294,0.00962059620596206,-0.005032700481673147,0.001707266012839121,0.005032700481673147,1.0,0.9994949936053316,0.0060643564356435645,147.0,0.0028650949950871905,0.0,0.0018564356435643563,1.0,0.0028710170599798883,0.0018602728400165358,1.0,-0.00020627062706268795,-0.014090932437656578,-0.0014753516196165384,0.0060643564356435645,,,,,,,,5862.0,922.0,0.33928414386183553,2.7036001377716734,1.546458636434977,0.652852653214635,0.1840638954882272,0.5,0.39414114719249704,0.4960743830939032,0.2136575071491451,0.45,0.3303332444828725,0.40443650900346506,0.12
52,recruitment,xgboost,base_model,unprivileged_first,24240.0,0.9888613861386139,0.9832968903603017,0.9847476878143762,0.9718174539631705,0.978239845261122,0.26424050632911394,0.239282769991756,0.9055491654777831,-0.024957736337357955,0.9693955623565417,0.9759036144578314,0.0037682524729156855,0.007317073170731708,0.006508052101289685,0.0035488206978160223,0.006508052101289685,1.0,0.9994949936053316,0.0,0.0,0.002209641467165545,0.0,0.0018151815181518152,1.0,0.0021728693329513362,0.001777594047126912,1.0,0.0,0.0,0.0,0.0,,,,,,,,,,,,,,,,,,,,,,
52,recruitment,xgboost,group_threshold,unprivileged_first,24240.0,0.9891914191419142,0.9862376592021047,0.9779517494807477,0.9801441152922338,0.9790467050543826,0.2708447991194276,0.239282769991756,0.8834682104648629,-0.031562029127671615,0.9826574853353737,0.9759036144578314,0.00791333019312294,0.007317073170731708,-0.006753870877542312,-0.0005962570223912314,0.006753870877542312,1.0,0.9994949936053316,0.0039603960396039604,96.0,0.002209641467165545,0.0,0.0018151815181518152,1.0,0.0021728693329513362,0.001777594047126912,1.0,0.00033003300330036733,-0.022080955012920178,0.0002458187762526265,0.0039603960396039604,,,,,,,,,,,,,,,,,,,,,,
52,recruitment,xgboost,guard_threshold,unprivileged_first,24240.0,0.9892739273927392,0.9860841159729673,0.9788766202592415,0.9795036028823059,0.9791900112053785,0.2701568519537699,0.239282769991756,0.8857179385281806,-0.03087408196201394,0.981637337413925,0.9759036144578314,0.007348092322185586,0.007317073170731708,-0.005733722956093645,-3.101915145387827e-05,0.005733722956093645,1.0,0.9994949936053316,0.0035478547854785477,86.0,0.002209641467165545,0.0,0.0018151815181518152,1.0,0.0021728693329513362,0.001777594047126912,1.0,0.0004125412541253759,-0.019831226949602487,-0.0007743291451960399,0.0035478547854785477,0.8862211221122113,673.0,0.0039603960396039604,0.0035478547854785477,0.8958333333333334,,,,,,,,,,,,,,,,,
52,recruitment,xgboost,universal_rl,unprivileged_first,24240.0,0.8438531353135313,0.888558471116988,0.625638406537283,0.9807846277021617,0.7639538509510446,0.26424050632911394,0.6130461665292662,2.3200310014760253,0.3488056602001523,0.9693955623565417,1.0,0.0037682524729156855,0.4911924119241192,0.030604437643458327,0.48742415945120354,0.48742415945120354,1.0,0.9994949936053316,0.14962871287128712,3627.0,0.004201102844715118,0.0,0.0019801980198019802,1.0,0.004168447001070461,0.0019429516329061596,1.0,-0.1450082508250825,1.414481835998242,0.48091610734991386,0.14962871287128712,,,,,,0.9888613861386139,0.9055491654777831,,,,,,,,,,,,,,,
52,recruitment,xgboost,coda,unprivileged_first,24240.0,0.9845297029702971,0.9862346114735634,0.9520948860135552,0.9897518014411529,0.97055821622046,0.28687396807925153,0.239282769991756,0.8341041593765384,-0.04759119808749554,0.9979597041571028,0.9759036144578314,0.02421102213848328,0.007317073170731708,-0.02205608969927142,-0.016893948967751572,0.02205608969927142,1.0,0.9994949936053316,0.013572607260726073,329.0,0.002209641467165545,0.0,0.0018151815181518152,1.0,0.0021728693329513362,0.001777594047126912,1.0,-0.00433168316831678,-0.07144500610124471,0.015548037597981734,0.013572607260726073,,,,,,,,13883.0,2995.0,2.6521122026410695,5.0,3.875272797695611,0.5995791248100839,0.16341979117871,0.5,0.6199999999999934,0.5708248506965813,0.11999999999999988,0.45,0.33000000000000007,0.3785609631697853,0.12
62,adult,xgboost,base_model,natural,6513.0,0.8694917856594503,0.7894928396029797,0.7817896389324961,0.6352040816326531,0.7009148486981,0.25573921028466484,0.07417709782104775,0.2900497649088725,-0.1815621124636171,0.6492926284437825,0.5511111111111111,0.08031861931629605,0.018633540372670808,-0.09818151733267144,-0.061685078943625245,0.09818151733267144,0.0,0.9224339546233054,0.0,0.0,0.3217876076052674,0.0,0.0783049286043298,1.0,0.32320108513717033,0.07844654185362834,1.0,0.0,0.0,0.0,0.0,,,,,,,,,,,,,,,,,,,,,,
62,adult,xgboost,group_threshold,natural,6513.0,0.8529095654844158,0.750045461814655,0.7723214285714286,0.5516581632653061,0.6436011904761906,0.1797520661157025,0.15623551228558183,0.8691722752439265,-0.023516553830120662,0.5100521221146687,0.8,0.032525721871888486,0.08126293995859213,0.2899478778853314,0.04873721808670364,0.2899478778853314,1.0,0.9224339546233054,0.07799785045294028,508.0,1.018738025991653,0.0,0.536158452326117,1.0,1.0199685085733163,0.5355098251585951,0.9166666666666666,-0.016582220175034523,0.5791225103350539,0.19176636055265994,0.07799785045294028,,,,,,,,,,,,,,,,,,,,,,
62,adult,xgboost,guard_threshold,natural,6513.0,0.8582834331337326,0.7592462882524091,0.783641160949868,0.5682397959183674,0.6587800369685768,0.19168962350780533,0.14000927213722764,0.7303956759637887,-0.05168035137057769,0.5383469843633656,0.7466666666666667,0.03717225356787255,0.06935817805383022,0.2083196823033011,0.032185924485957675,0.2083196823033011,0.0,0.9224339546233054,0.06463995086749577,421.0,0.8481467627448197,0.0,0.41409488714877934,1.0,0.8523464534287685,0.4166795605755841,0.9166666666666666,-0.011208352525717724,0.4403459110549162,0.11013816497062967,0.06463995086749577,0.8292645478274221,226.0,0.07799785045294028,0.06463995086749577,0.8287401574803149,,,,,,,,,,,,,,,,,
62,adult,xgboost,universal_rl,natural,6513.0,0.8502994011976048,0.7849111269887126,0.7012898845892735,0.6588010204081632,0.6793817823084511,0.25573921028466484,0.1664348632359759,0.6507991600142827,-0.08930434704868895,0.6492926284437825,0.7155555555555555,0.08031861931629605,0.10248447204968944,0.06626292711177295,0.022165852733393387,0.06626292711177295,0.0,0.9224339546233054,0.0305542760632581,199.0,0.7003242567725768,0.0,0.3138338707200983,1.0,0.7008514322500332,0.31363144050750424,1.0,-0.019192384461845458,0.3607493951054102,-0.03191859022089849,0.0305542760632581,,,,,,0.8694917856594503,0.2900497649088725,,,,,,,,,,,,,,,
62,adult,xgboost,coda,natural,6513.0,0.8380162751420236,0.7644095251852006,0.6782487838776928,0.6224489795918368,0.6491519787163286,0.22130394857667585,0.22021325915623552,0.9950715320379273,-0.0010906894204403272,0.5822784810126582,0.8622222222222222,0.0604049120477929,0.14544513457556935,0.279943741209564,0.08504022252777645,0.279943741209564,1.0,0.9224339546233054,0.0713956701980654,465.0,1.1533353452815596,0.0,0.6183018578228159,1.0,1.1556071192084956,0.618288720408479,1.0,-0.0314755105174267,0.7050217671290548,0.18176222387689256,0.0713956701980654,,,,,,,,4707.0,2814.0,3.3522878706680714,5.0,3.7876244052704386,0.7404483874376745,0.1789171768765849,0.2,0.08875845379951788,0.10672082647763978,0.13198892529817938,0.65,0.543963784390225,0.5638431287355369,0.12126481294402391
62,adult,xgboost,base_model,privileged_first,6513.0,0.8694917856594503,0.7894928396029797,0.7817896389324961,0.6352040816326531,0.7009148486981,0.25573921028466484,0.07417709782104775,0.2900497649088725,-0.1815621124636171,0.6492926284437825,0.5511111111111111,0.08031861931629605,0.018633540372670808,-0.09818151733267144,-0.061685078943625245,0.09818151733267144,0.0,0.9224339546233054,0.0,0.0,0.010515891331043734,0.0,0.008751727314601566,1.0,0.010133065177021172,0.00835525297849296,1.0,0.0,0.0,0.0,0.0,,,,,,,,,,,,,,,,,,,,,,
62,adult,xgboost,group_threshold,privileged_first,6513.0,0.8529095654844158,0.750045461814655,0.7723214285714286,0.5516581632653061,0.6436011904761906,0.1797520661157025,0.15623551228558183,0.8691722752439265,-0.023516553830120662,0.5100521221146687,0.8,0.032525721871888486,0.08126293995859213,0.2899478778853314,0.04873721808670364,0.2899478778853314,1.0,0.9224339546233054,0.07799785045294028,508.0,0.013707099570636374,0.0,0.006909258406264394,1.0,0.013348961705640523,0.006498530094383413,1.0,-0.016582220175034523,0.5791225103350539,0.19176636055265994,0.07799785045294028,,,,,,,,,,,,,,,,,,,,,,
62,adult,xgboost,guard_threshold,privileged_first,6513.0,0.8549055734684478,0.7546264006108004,0.7739665787159191,0.5612244897959183,0.6506469500924214,0.18847566574839303,0.14649976819656932,0.777287442465598,-0.04197589755182371,0.5279225614296351,0.76,0.03717225356787255,0.07505175983436853,0.2320774385703649,0.03787950626649598,0.2320774385703649,0.0,0.9224339546233054,0.06893904498694918,449.0,0.00821123050734447,0.0,0.00568094580070628,1.0,0.0078105747012741054,0.005260714838310383,1.0,-0.014586212191002534,0.4872376775567255,0.13389592123769345,0.06893904498694918,0.8842315369261478,183.0,0.07799785045294028,0.06893904498694918,0.8838582677165354,,,,,,,,,,,,,,,,,
62,adult,xgboost,universal_rl,privileged_first,6513.0,0.7916474742822048,0.7552146313530468,0.5544656685596283,0.6849489795918368,0.6128388017118402,0.25573921028466484,0.3815484469170144,1.4919434782500132,0.12580923663234955,0.6492926284437825,0.8977777777777778,0.08031861931629605,0.32142857142857145,0.24848514933399524,0.2411099521122754,0.24848514933399524,1.0,0.9224339546233054,0.10179640718562874,663.0,0.008619405500483127,0.0,0.006141563027790573,1.0,0.0082219074771231,0.005724895559337769,1.0,-0.07784431137724546,1.2018937133411407,0.1503036320013238,0.10179640718562874,,,,,,0.8694917856594503,0.2900497649088725,,,,,,,,,,,,,,,
62,adult,xgboost,coda,privileged_first,6513.0,0.8438507600184247,0.7458219625059326,0.7305439330543934,0.5567602040816326,0.6319218241042346,0.1797520661157025,0.19100602688919796,1.0626082415445035,0.01125396077349547,0.5100521221146687,0.8355555555555556,0.032525721871888486,0.11594202898550725,0.32550343344088695,0.08341630711361876,0.32550343344088695,1.0,0.9224339546233054,0.0895132811300476,583.0,0.013707099570636374,0.0,0.006909258406264394,1.0,0.013348961705640523,0.006498530094383413,1.0,-0.02564102564102555,0.772558476635631,0.2273219161082155,0.0895132811300476,,,,,,,,1390.0,495.0,1.0084944489422183,5.0,3.967368627512294,0.4889943871675986,0.22826055352232988,0.2,0.13060137910100703,0.1816431123028302,0.12289569690729273,0.65,0.5395780180651404,0.624270033365585,0.12569343919083864
62,adult,xgboost,base_model,unprivileged_first,6513.0,0.8694917856594503,0.7894928396029797,0.7817896389324961,0.6352040816326531,0.7009148486981,0.25573921028466484,0.07417709782104775,0.2900497649088725,-0.1815621124636171,0.6492926284437825,0.5511111111111111,0.08031861931629605,0.018633540372670808,-0.09818151733267144,-0.061685078943625245,0.09818151733267144,0.0,0.9224339546233054,0.0,0.0,0.011961747856305304,0.0,0.009365883617380623,1.0,0.010352292091616347,0.007736345350456445,1.0,0.0,0.0,0.0,0.0,,,,,,,,,,,,,,,,,,,,,,
62,adult,xgboost,group_threshold,unprivileged_first,6513.0,0.8529095654844158,0.750045461814655,0.7723214285714286,0.5516581632653061,0.6436011904761906,0.1797520661157025,0.15623551228558183,0.8691722752439265,-0.023516553830120662,0.5100521221146687,0.8,0.032525721871888486,0.08126293995859213,0.2899478778853314,0.04873721808670364,0.2899478778853314,1.0,0.9224339546233054,0.07799785045294028,508.0,0.006864537495502524,0.0,0.0032243205895900505,1.0,0.006608190114220631,0.002939811233173449,1.0,-0.016582220175034523,0.5791225103350539,0.19176636055265994,0.07799785045294028,,,,,,,,,,,,,,,,,,,,,,
62,adult,xgboost,guard_threshold,unprivileged_first,6513.0,0.8541378780899739,0.7547741353872186,0.769163763066202,0.5631377551020408,0.6502209131075111,0.19031221303948576,0.14789058878071396,0.7770945774774307,-0.0424216242587718,0.5286671630677587,0.7688888888888888,0.039495519415864586,0.07556935817805382,0.2402217258211301,0.03607383876218924,0.2402217258211301,0.0,0.9224339546233054,0.06817134960847536,444.0,0.008246389176755404,0.0,0.004606172270842929,1.0,0.006608190114220631,0.002939811233173449,1.0,-0.01535390756947641,0.4870448125685582,0.14204020848845866,0.06817134960847536,0.8848456932289268,182.0,0.07799785045294028,0.06817134960847536,0.8740157480314961,,,,,,,,,,,,,,,,,
62,adult,xgboost,universal_rl,unprivileged_first,6513.0,0.7985567326884692,0.759982447225604,0.5675818373812038,0.6855867346938775,0.6210283073367996,0.25573921028466484,0.3616133518776078,1.4139926039307535,0.10587414159294295,0.6492926284437825,0.9022222222222223,0.08031861931629605,0.29865424430641824,0.2529295937784397,0.21833562499012218,0.2529295937784397,1.0,0.9224339546233054,0.09519422693075388,620.0,0.006263781261040784,0.0,0.0030707815138952864,1.0,0.006157513129066785,0.002939811233173449,1.0,-0.07093505297098113,1.123942839021881,0.15474807644576827,0.09519422693075388,,,,,,0.8694917856594503,0.2900497649088725,,,,,,,,,,,,,,,
62,adult,xgboost,coda,unprivileged_first,6513.0,0.8384768923691079,0.7083116449309754,0.7810457516339869,0.4572704081632653,0.5768302493966211,0.13337924701561066,0.15623551228558183,1.1713629802340695,0.02285626526997117,0.39985107967237526,0.8,0.014603385330235646,0.08126293995859213,0.4001489203276248,0.06665955462835649,0.4001489203276248,1.0,0.9224339546233054,0.10901274374328267,710.0,0.006864537495502524,0.0,0.0032243205895900505,1.0,0.006608190114220631,0.002939811233173449,1.0,-0.03101489329034235,0.881313215325197,0.30196740299495334,0.10901274374328267,,,,,,,,2475.0,1888.0,2.8228599959194276,5.0,3.88418638792922,0.6004395780950867,0.25688159330988425,0.2,0.08417149034756555,0.12243977190774649,0.11999999999999997,0.65,0.7134892793762113,0.7028595787449782,0.10742663846298517
62,compas,xgboost,base_model,natural,2648.0,0.7061933534743202,0.7061838262139467,0.7061469265367316,0.7093373493975904,0.7077385424492862,0.647239263803681,0.41976047904191616,0.6485398870505434,-0.22747878476176486,0.820738137082601,0.6258234519104084,0.4058679706601467,0.24807903402854006,-0.19491468517219257,-0.15778893663160662,0.19491468517219257,0.0,0.7743995869843008,0.0,0.0,0.6765762713015938,0.0,0.20166163141993956,1.0,0.6760570740009277,0.20015396458814472,0.8636363636363636,0.0,0.0,0.0,0.0,,,,,,,,,,,,,,,,,,,,,,
62,compas,xgboost,group_threshold,natural,2648.0,0.6986404833836858,0.6986696787148594,0.7038461538461539,0.6890060240963856,0.6963470319634705,0.4897750511247444,0.49161676646706587,1.00376032902879,0.0018417153423214705,0.6608084358523726,0.7101449275362319,0.25183374083129584,0.30954994511525796,0.04933649168385934,0.057716204283962125,0.057716204283962125,1.0,0.7743995869843008,0.10347432024169184,274.0,1.0655206841376381,0.0,0.7877643504531722,1.0,1.0682677321695773,0.7859892224788299,0.7171052631578947,-0.007552870090634434,0.35522044197824654,-0.13719848088823045,0.10347432024169184,,,,,,,,,,,,,,,,,,,,,,
62,compas,xgboost,guard_threshold,natural,2648.0,0.7031722054380665,0.7032060058415479,0.7091049382716049,0.6920180722891566,0.7004573170731707,0.5429447852760736,0.45808383233532934,0.8437024256571602,-0.08486095294074425,0.7100175746924429,0.6785243741765481,0.3105134474327628,0.27442371020856204,-0.03149320051589477,-0.03608973722420078,0.03608973722420078,1.0,0.7743995869843008,0.06268882175226587,166.0,0.8932143569239999,0.0,0.5426737160120846,1.0,0.8968644838269982,0.5477290223248653,0.7171052631578947,-0.0030211480362537513,0.1951625386066168,-0.1588249479479918,0.06268882175226587,0.5830815709969789,114.0,0.10347432024169184,0.06268882175226587,0.6058394160583942,,,,,,,,,,,,,,,,,
62,compas,xgboost,universal_rl,natural,2648.0,0.6952416918429003,0.6949890470974809,0.6683904330963154,0.7786144578313253,0.7193043478260869,0.647239263803681,0.5473053892215569,0.8455997956693249,-0.0999338745821241,0.820738137082601,0.7470355731225297,0.4058679706601467,0.3809001097694841,-0.07370256396007135,-0.024967860890662608,0.07370256396007135,1.0,0.7743995869843008,0.0804380664652568,213.0,0.8571631398305538,0.0,0.570619335347432,1.0,0.8572764935305418,0.5708237105465743,0.5972222222222222,-0.010951661631419918,0.19705990861878142,-0.12121212121212122,0.0804380664652568,,,,,,0.7061933534743202,0.6485398870505434,,,,,,,,,,,,,,,
62,compas,xgboost,coda,natural,2648.0,0.6937311178247734,0.693578860898138,0.6771761480466073,0.7439759036144579,0.7090060997488339,0.549079754601227,0.5520958083832336,1.005492924764995,0.0030160537820065336,0.7223198594024605,0.7602108036890646,0.3080684596577017,0.3787047200878156,0.03789094428660411,0.0706362604301139,0.0706362604301139,1.0,0.7743995869843008,0.1197129909365559,317.0,1.0600282996052075,0.0,0.8141993957703928,1.0,1.0626696435468383,0.812933025404157,0.7727272727272727,-0.012462235649546849,0.35695303771445164,-0.12427842474207867,0.1197129909365559,,,,,,,,1661.0,605.0,0.358554179244032,1.8089588337710232,0.2096520560379966,0.8689324920715316,0.09610409725603034,0.45,0.37433958917789417,0.41769882962375515,0.09204308225359797,0.6,0.5277998778817747,0.5755608689697022,0.07220902438376675
62,compas,xgboost,base_model,privileged_first,2648.0,0.7061933534743202,0.7061838262139467,0.7061469265367316,0.7093373493975904,0.7077385424492862,0.647239263803681,0.41976047904191616,0.6485398870505434,-0.22747878476176486,0.820738137082601,0.6258234519104084,0.4058679706601467,0.24807903402854006,-0.19491468517219257,-0.15778893663160662,0.19491468517219257,0.0,0.7743995869843008,0.0,0.0,0.01001312426182001,0.0,0.0015105740181268882,1.0,0.009820921110584828,0.0011547344110854503,1.0,0.0,0.0,0.0,0.0,,,,,,,,,,,,,,,,,,,,,,
62,compas,xgboost,group_threshold,privileged_first,2648.0,0.6986404833836858,0.6986696787148594,0.7038461538461539,0.6890060240963856,0.6963470319634705,0.4897750511247444,0.49161676646706587,1.00376032902879,0.0018417153423214705,0.6608084358523726,0.7101449275362319,0.25183374083129584,0.30954994511525796,0.04933649168385934,0.057716204283962125,0.057716204283962125,1.0,0.7743995869843008,0.10347432024169184,274.0,0.01775863299916874,0.0,0.014350453172205438,0.96,0.01771549660577322,0.01424172440338722,0.96,-0.007552870090634434,0.35522044197824654,-0.13719848088823045,0.10347432024169184,,,,,,,,,,,,,,,,,,,,,,
62,compas,xgboost,guard_threshold,privileged_first,2648.0,0.7061933534743202,0.7061952354874041,0.7077039274924471,0.7055722891566265,0.7066365007541479,0.6042944785276073,0.43892215568862275,0.7263381865710204,-0.16537232283898456,0.7820738137082601,0.6482213438735178,0.3569682151589242,0.2645444566410538,-0.1338524698347423,-0.09242375851787038,0.1338524698347423,0.0,0.7743995869843008,0.027945619335347432,74.0,0.015318657924332816,0.0,0.006419939577039275,0.967741935483871,0.015228562811252228,0.006158583525789068,0.967741935483871,0.0,0.07779829952047701,-0.061062215337450265,0.027945619335347432,0.2790785498489426,48.0,0.10347432024169184,0.027945619335347432,0.27007299270072993,,,,,,,,,,,,,,,,,
62,compas,xgboost,universal_rl,privileged_first,2648.0,0.6431268882175226,0.64239001460387,0.5971588026382547,0.8862951807228916,0.7135495604728707,0.9703476482617587,0.6119760479041916,0.6306771073238139,-0.3583716003575671,0.9876977152899824,0.8102766798418972,0.9462102689486552,0.446761800219539,-0.17742103544808518,-0.49944846872911625,0.49944846872911625,0.0,0.7743995869843008,0.24055891238670696,637.0,0.016314868854595585,0.0,0.01812688821752266,1.0,0.0162439463922129,0.018090839107005388,1.0,-0.0630664652567976,-0.01786277972672956,0.3045337835569237,0.24055891238670696,,,,,,0.7061933534743202,0.6485398870505434,,,,,,,,,,,,,,,
62,compas,xgboost,coda,privileged_first,2648.0,0.698262839879154,0.698274917853231,0.7011406844106464,0.6942771084337349,0.6976920166477487,0.4897750511247444,0.5005988023952096,1.0220994337004488,0.010823751270465198,0.6608084358523726,0.7193675889328063,0.25183374083129584,0.31833150384193193,0.05855915308043369,0.06649776301063609,0.06649776301063609,1.0,0.7743995869843008,0.10913897280966767,289.0,0.01775863299916874,0.0,0.014350453172205438,0.96,0.01771549660577322,0.01424172440338722,0.96,-0.007930513595166166,0.3735595466499053,-0.12841692216155648,0.10913897280966767,,,,,,,,709.0,255.0,0.0386626296936245,0.5953076985244083,0.0,0.8994345991604932,0.08436643172241169,0.45,0.43889963277892496,0.4474142592965453,0.011102936615895231,0.6,0.6021410819045415,0.6002887842559814,0.0028155068870225897
62,compas,xgboost,base_model,unprivileged_first,2648.0,0.7061933534743202,0.7061838262139467,0.7061469265367316,0.7093373493975904,0.7077385424492862,0.647239263803681,0.41976047904191616,0.6485398870505434,-0.22747878476176486,0.820738137082601,0.6258234519104084,0.4058679706601467,0.24807903402854006,-0.19491468517219257,-0.15778893663160662,0.19491468517219257,0.0,0.7743995869843008,0.0,0.0,0.01506780128287133,0.0,0.007175226586102719,1.0,0.015357789760216813,0.007313317936874519,1.0,0.0,0.0,0.0,0.0,,,,,,,,,,,,,,,,,,,,,,
62,compas,xgboost,group_threshold,unprivileged_first,2648.0,0.6986404833836858,0.6986696787148594,0.7038461538461539,0.6890060240963856,0.6963470319634705,0.4897750511247444,0.49161676646706587,1.00376032902879,0.0018417153423214705,0.6608084358523726,0.7101449275362319,0.25183374083129584,0.30954994511525796,0.04933649168385934,0.057716204283962125,0.057716204283962125,1.0,0.7743995869843008,0.10347432024169184,274.0,0.018473368056696374,0.0,0.01472809667673716,1.0,0.018828898619758276,0.015011547344110854,0.96,-0.007552870090634434,0.35522044197824654,-0.13719848088823045,0.10347432024169184,,,,,,,,,,,,,,,,,,,,,,
62,compas,xgboost,guard_threshold,unprivileged_first,2648.0,0.7069486404833837,0.7069550930996714,0.7090909090909091,0.7048192771084337,0.7069486404833837,0.6012269938650306,0.43832335329341315,0.7290480263961873,-0.1629036405716175,0.7803163444639719,0.6482213438735178,0.35207823960880197,0.26344676180021953,-0.1320950005904541,-0.08863147780858244,0.1320950005904541,0.0,0.7743995869843008,0.028700906344410877,76.0,0.015771060293775514,0.0,0.008308157099697885,1.0,0.016074583394117617,0.008468052347959968,0.967741935483871,0.0007552870090634656,0.08050813934564383,-0.06281968458173848,0.028700906344410877,0.2824773413897281,50.0,0.10347432024169184,0.028700906344410877,0.2773722627737226,,,,,,,,,,,,,,,,,
62,compas,xgboost,universal_rl,unprivileged_first,2648.0,0.6450151057401813,0.6442839539978095,0.598677517802645,0.8862951807228916,0.7146326654523376,0.9703476482617587,0.6089820359281437,0.627591602884852,-0.36136561233361497,0.9876977152899824,0.8102766798418972,0.9462102689486552,0.44127332601536773,-0.17742103544808518,-0.5049369429332875,0.5049369429332875,0.0,0.7743995869843008,0.23867069486404835,632.0,0.020308336786107887,0.0,0.01812688821752266,1.0,0.020699182374755074,0.018475750577367205,1.0,-0.061178247734138935,-0.02094828416569139,0.31002225776109493,0.23867069486404835,,,,,,0.7061933534743202,0.6485398870505434,,,,,,,,,,,,,,,
62,compas,xgboost,coda,unprivileged_first,2648.0,0.7009063444108762,0.7009173055859803,0.7036474164133738,0.697289156626506,0.7004538577912255,0.5061349693251533,0.49161676646706587,0.9713155507167484,-0.01451820285808747,0.680140597539543,0.7101449275362319,0.26405867970660146,0.30954994511525796,0.030004329996688894,0.0454912654086565,0.0454912654086565,1.0,0.7743995869843008,0.09743202416918428,258.0,0.018473368056696374,0.0,0.01472809667673716,1.0,0.018828898619758276,0.015011547344110854,0.96,-0.005287009063444037,0.3227756636662049,-0.14942341976353607,0.09743202416918428,,,,,,,,529.0,185.0,0.044026715254524146,0.5467334367042908,0.0,0.8950674119743462,0.08731412512954285,0.45,0.44371874039090525,0.4494236577935654,0.009698971834862236,0.6,0.591017254442134,0.5980148519098745,0.011515027955256496
62,german_credit,xgboost,base_model,natural,200.0,0.745,0.694047619047619,0.8156028368794326,0.8214285714285714,0.8185053380782918,0.751937984496124,0.6197183098591549,0.8241614636271235,-0.13221967463696915,0.8478260869565217,0.7708333333333334,0.5135135135135135,0.30434782608695654,-0.07699275362318836,-0.20916568742655695,0.20916568742655695,1.0,0.8180952380952382,0.0,0.0,0.7418949824600776,0.0,0.56,1.0,0.8597216576882198,0.7466666666666667,0.75,0.0,0.0,0.0,0.0,,,,,,,,,,,,,,,,,,,,,,
62,german_credit,xgboost,group_threshold,natural,200.0,0.775,0.6773809523809524,0.7914110429447853,0.9214285714285714,0.8514851485148515,0.8062015503875969,0.8309859154929577,1.0307421451787648,0.02478436510536086,0.9130434782608695,0.9375,0.5405405405405406,0.6086956521739131,0.024456521739130488,0.06815511163337251,0.06815511163337251,1.0,0.8180952380952382,0.11,22.0,0.9865941960970278,0.0,0.885,1.0,1.0515179285298737,1.0,0.5,0.030000000000000027,0.20658068155164133,-0.14101057579318443,0.11,,,,,,,,,,,,,,,,,,,,,,
62,german_credit,xgboost,guard_threshold,natural,200.0,0.76,0.6857142857142857,0.8026315789473685,0.8714285714285714,0.8356164383561644,0.7751937984496124,0.7323943661971831,0.9447887323943662,-0.042799432252429326,0.8804347826086957,0.8541666666666666,0.5135135135135135,0.4782608695652174,-0.026268115942029047,-0.03525264394829608,0.03525264394829608,1.0,0.8180952380952382,0.055,11.0,0.8774283042212723,0.0,0.745,1.0,1.0188653388574547,0.9933333333333333,0.5,0.015000000000000013,0.12062726876724272,-0.17391304347826086,0.055,0.415,3.0,0.11,0.055,0.5,,,,,,,,,,,,,,,,,
62,german_credit,xgboost,universal_rl,natural,200.0,0.745,0.6845238095238095,0.8068965517241379,0.8357142857142857,0.8210526315789474,0.751937984496124,0.676056338028169,0.8990852330477711,-0.07588164646795503,0.8478260869565217,0.8125,0.5135135135135135,0.391304347826087,-0.03532608695652173,-0.12220916568742651,0.12220916568742651,1.0,0.8180952380952382,0.02,4.0,0.9078528277192665,0.0,0.775,1.0,0.9070693349100198,0.8066666666666666,0.5,0.0,0.0749237694206476,-0.08695652173913043,0.02,,,,,,0.745,0.8241614636271235,,,,,,,,,,,,,,,
62,german_credit,xgboost,coda,natural,200.0,0.775,0.6773809523809524,0.7914110429447853,0.9214285714285714,0.8514851485148515,0.8062015503875969,0.8309859154929577,1.0307421451787648,0.02478436510536086,0.9130434782608695,0.9375,0.5405405405405406,0.6086956521739131,0.024456521739130488,0.06815511163337251,0.06815511163337251,1.0,0.8180952380952382,0.11,22.0,0.9865941960970278,0.0,0.885,1.0,1.0515179285298737,1.0,0.5,0.030000000000000027,0.20658068155164133,-0.14101057579318443,0.11,,,,,,,,68.0,61.0,0.013643268587680201,0.06755496176786369,0.0,0.9002634239623307,0.11664836310325946,0.15,0.149914988008167,0.14994188130744934,8.609371091045093e-05,0.35,0.35002221280666523,0.35001700439744254,2.5828113273063114e-05
62,german_credit,xgboost,base_model,privileged_first,200.0,0.745,0.694047619047619,0.8156028368794326,0.8214285714285714,0.8185053380782918,0.751937984496124,0.6197183098591549,0.8241614636271235,-0.13221967463696915,0.8478260869565217,0.7708333333333334,0.5135135135135135,0.30434782608695654,-0.07699275362318836,-0.20916568742655695,0.20916568742655695,1.0,0.8180952380952382,0.0,0.0,0.1251288815223039,0.0,0.005,1.0,0.16683850869640518,0.006666666666666667,1.0,0.0,0.0,0.0,0.0,,,,,,,,,,,,,,,,,,,,,,
62,german_credit,xgboost,group_threshold,privileged_first,200.0,0.775,0.6773809523809524,0.7914110429447853,0.9214285714285714,0.8514851485148515,0.8062015503875969,0.8309859154929577,1.0307421451787648,0.02478436510536086,0.9130434782608695,0.9375,0.5405405405405406,0.6086956521739131,0.024456521739130488,0.06815511163337251,0.06815511163337251,1.0,0.8180952380952382,0.11,22.0,0.21182489902807194,0.0,0.205,1.0,0.2824331987040959,0.2733333333333333,1.0,0.030000000000000027,0.20658068155164133,-0.14101057579318443,0.11,,,,,,,,,,,,,,,,,,,,,,
62,german_credit,xgboost,guard_threshold,privileged_first,200.0,0.75,0.6690476190476191,0.7922077922077922,0.8714285714285714,0.8299319727891157,0.7829457364341085,0.7464788732394366,0.9534235113652211,-0.03646686319467185,0.8804347826086957,0.8541666666666666,0.5405405405405406,0.5217391304347826,-0.026268115942029047,-0.018801410105757976,0.026268115942029047,1.0,0.8180952380952382,0.065,13.0,0.16712162896802168,0.0,0.085,1.0,0.22282883862402894,0.11333333333333333,1.0,0.0050000000000000044,0.12926204773809757,-0.1828975714845279,0.065,0.765,6.0,0.11,0.065,0.5909090909090909,,,,,,,,,,,,,,,,,
62,german_credit,xgboost,universal_rl,privileged_first,200.0,0.755,0.6583333333333333,0.782608695652174,0.9,0.8372093023255814,0.8217054263565892,0.7746478873239436,0.9427318628753654,-0.047057539032645535,0.9130434782608695,0.875,0.5945945945945946,0.5652173913043478,-0.03804347826086951,-0.029377203290246845,0.03804347826086951,1.0,0.8180952380952382,0.1,20.0,0.21060265808430664,0.0,0.195,1.0,0.2808035441124089,0.26,1.0,0.010000000000000009,0.11857039924824186,-0.17112220916568743,0.1,,,,,,0.745,0.8241614636271235,,,,,,,,,,,,,,,
62,german_credit,xgboost,coda,privileged_first,200.0,0.775,0.6773809523809524,0.7914110429447853,0.9214285714285714,0.8514851485148515,0.8062015503875969,0.8309859154929577,1.0307421451787648,0.02478436510536086,0.9130434782608695,0.9375,0.5405405405405406,0.6086956521739131,0.024456521739130488,0.06815511163337251,0.06815511163337251,1.0,0.8180952380952382,0.11,22.0,0.21182489902807194,0.0,0.205,1.0,0.2824331987040959,0.2733333333333333,1.0,0.030000000000000027,0.20658068155164133,-0.14101057579318443,0.11,,,,,,,,22.0,11.0,0.001962537751207398,0.028936332235261684,0.0,0.7227330263378718,0.15977650316706427,0.15,0.1499056106931846,0.14997747143107257,9.438930681543445e-05,0.35,0.3500283167920446,0.3500067585706782,2.8316792044624783e-05
62,german_credit,xgboost,base_model,unprivileged_first,200.0,0.745,0.694047619047619,0.8156028368794326,0.8214285714285714,0.8185053380782918,0.751937984496124,0.6197183098591549,0.8241614636271235,-0.13221967463696915,0.8478260869565217,0.7708333333333334,0.5135135135135135,0.30434782608695654,-0.07699275362318836,-0.20916568742655695,0.20916568742655695,1.0,0.8180952380952382,0.0,0.0,0.2605389966416866,0.0,0.235,1.0,0.3273853288555822,0.29333333333333333,1.0,0.0,0.0,0.0,0.0,,,,,,,,,,,,,,,,,,,,,,
62,german_credit,xgboost,group_threshold,unprivileged_first,200.0,0.775,0.6773809523809524,0.7914110429447853,0.9214285714285714,0.8514851485148515,0.8062015503875969,0.8309859154929577,1.0307421451787648,0.02478436510536086,0.9130434782608695,0.9375,0.5405405405405406,0.6086956521739131,0.024456521739130488,0.06815511163337251,0.06815511163337251,1.0,0.8180952380952382,0.11,22.0,0.2749647979966729,0.0,0.25,1.0,0.35995306399556387,0.32666666666666666,1.0,0.030000000000000027,0.20658068155164133,-0.14101057579318443,0.11,,,,,,,,,,,,,,,,,,,,,,
62,german_credit,xgboost,guard_threshold,unprivileged_first,200.0,0.77,0.6976190476190476,0.8092105263157895,0.8785714285714286,0.8424657534246577,0.7984496124031008,0.6901408450704225,0.8643511554765486,-0.10830876733267825,0.9021739130434783,0.8333333333333334,0.5405405405405406,0.391304347826087,-0.0688405797101449,-0.1492361927144536,0.1492361927144536,1.0,0.8180952380952382,0.055,11.0,0.25387458125829654,0.0,0.245,1.0,0.31849944167772876,0.30666666666666664,1.0,0.025000000000000022,0.04018969184942511,-0.05992949471210335,0.055,0.625,6.0,0.11,0.055,0.5,,,,,,,,,,,,,,,,,
62,german_credit,xgboost,universal_rl,unprivileged_first,200.0,0.765,0.6988095238095238,0.8120805369127517,0.8642857142857143,0.8373702422145329,0.7984496124031008,0.647887323943662,0.8114316969779845,-0.15056228845943875,0.9021739130434783,0.7916666666666666,0.5405405405405406,0.34782608695652173,-0.11050724637681164,-0.19271445358401884,0.19271445358401884,1.0,0.8180952380952382,0.04,8.0,0.25569226445778814,0.0,0.225,1.0,0.3342563526103842,0.29333333333333333,1.0,0.020000000000000018,-0.012729766649139052,-0.016451233842538104,0.04,,,,,,0.745,0.8241614636271235,,,,,,,,,,,,,,,
62,german_credit,xgboost,coda,unprivileged_first,200.0,0.775,0.6773809523809524,0.7914110429447853,0.9214285714285714,0.8514851485148515,0.8062015503875969,0.8309859154929577,1.0307421451787648,0.02478436510536086,0.9130434782608695,0.9375,0.5405405405405406,0.6086956521739131,0.024456521739130488,0.06815511163337251,0.06815511163337251,1.0,0.8180952380952382,0.11,22.0,0.2749647979966729,0.0,0.25,1.0,0.35995306399556387,0.32666666666666666,1.0,0.030000000000000027,0.20658068155164133,-0.14101057579318443,0.11,,,,,,,,14.0,8.0,0.00015811920578892268,0.005414376468545651,0.0,0.8297010811200671,0.1541390283399327,0.15,0.1500010133576936,0.15000019900250708,1.0133576935911215e-06,0.35,0.34999662214102195,0.3499993366583098,3.377858978026449e-06
62,bank_marketing,xgboost,base_model,natural,2233.0,0.7429467084639498,0.7362627197039778,0.8009950248756219,0.6086956521739131,0.6917293233082707,0.35734331150608045,0.36254295532646047,1.0145508357172415,0.005199643820380018,0.6290322580645161,0.5907473309608541,0.12216404886561955,0.14950166112956811,-0.03828492710366205,0.02733761226394857,0.03828492710366205,1.0,0.8008269315850863,0.0,0.0,1.1426128059197884,0.0,0.6963725929243171,1.0,1.148569522239875,0.6949152542372882,0.6753246753246753,0.0,0.0,0.0,0.0,,,,,,,,,,,,,,,,,,,,,,
62,bank_marketing,xgboost,group_threshold,natural,2233.0,0.741603224361845,0.7374331335719744,0.7639956092206367,0.6578449905482041,0.7069578466226512,0.39195509822263797,0.422680412371134,1.0783898826366165,0.030725314148496052,0.6673387096774194,0.6494661921708185,0.15357766143106458,0.21096345514950166,-0.017872517506600905,0.05738579371843708,0.05738579371843708,1.0,0.8008269315850863,0.04791759964173757,107.0,1.1733285303323189,0.0,0.8150470219435737,1.0,1.17637510669607,0.814933577645442,0.6730769230769231,-0.0013434841021048305,0.06383904691937503,0.01910086661477503,0.04791759964173757,,,,,,,,,,,,,,,,,,,,,,
62,bank_marketing,xgboost,guard_threshold,natural,2233.0,0.741603224361845,0.7361625708884688,0.780630105017503,0.6323251417769377,0.6986945169712794,0.3760523854069224,0.390893470790378,1.0394654733206818,0.014841085383455632,0.6491935483870968,0.6174377224199288,0.13961605584642234,0.17940199335548174,-0.03175582596716797,0.0397859375090594,0.0397859375090594,1.0,0.8008269315850863,0.02373488580385132,53.0,1.1473279055654688,0.0,0.7218987908643081,1.0,1.1533926177546732,0.7210261108566194,0.6753246753246753,-0.0013434841021048305,0.02491463760344037,0.0015010104053973516,0.02373488580385132,0.5248544558889386,95.0,0.04791759964173757,0.02373488580385132,0.4953271028037383,,,,,,,,,,,,,,,,,
62,bank_marketing,xgboost,universal_rl,natural,2233.0,0.7384684281236006,0.7329485580983791,0.7775175644028103,0.6275992438563327,0.6945606694560669,0.35734331150608045,0.4054982817869416,1.134758280707436,0.04815497028086113,0.6290322580645161,0.6263345195729537,0.12216404886561955,0.19933554817275748,-0.002697738491562407,0.07717149930713793,0.07717149930713793,1.0,0.8008269315850863,0.02239140170174653,50.0,1.261172241742626,0.0,0.8925212718316167,1.0,1.2677030129862916,0.8946404031149794,0.6753246753246753,-0.00447828034034925,0.12020744499019442,0.03888657220347588,0.02239140170174653,,,,,,0.7429467084639498,1.0145508357172415,,,,,,,,,,,,,,,
62,bank_marketing,xgboost,coda,natural,2233.0,0.7210031347962382,0.7217644692917187,0.6936776491540516,0.7362948960302458,0.7143512150389728,0.500467726847521,0.5051546391752577,1.0093650640716831,0.004686912327736659,0.7600806451612904,0.7153024911032029,0.2757417102966841,0.3089700996677741,-0.044778154058087494,0.03322838937109002,0.044778154058087494,1.0,0.8008269315850863,0.14285714285714285,319.0,1.0742972834027318,0.0,0.7559337214509628,1.0,1.07507562231963,0.7544663307375172,0.5555555555555556,-0.021943573667711602,-0.005185771645558335,0.006493226954425446,0.14285714285714285,,,,,,,,1640.0,600.0,1.5605933454127159,5.0,1.6202694918974065,0.8516833001542433,0.10425064757192348,0.45,0.3310152528159833,0.3997124421645664,0.15795914106095332,0.45,0.3512247928473517,0.3701172870631981,0.23999999991459076
62,bank_marketing,xgboost,base_model,privileged_first,2233.0,0.7429467084639498,0.7362627197039778,0.8009950248756219,0.6086956521739131,0.6917293233082707,0.35734331150608045,0.36254295532646047,1.0145508357172415,0.005199643820380018,0.6290322580645161,0.5907473309608541,0.12216404886561955,0.14950166112956811,-0.03828492710366205,0.02733761226394857,0.03828492710366205,1.0,0.8008269315850863,0.0,0.0,0.025384445307968337,0.0,0.020600089565606806,1.0,0.025507772044293768,0.020613834173156206,0.8636363636363636,0.0,0.0,0.0,0.0,,,,,,,,,,,,,,,,,,,,,,
62,bank_marketing,xgboost,group_threshold,privileged_first,2233.0,0.741603224361845,0.7374331335719744,0.7639956092206367,0.6578449905482041,0.7069578466226512,0.39195509822263797,0.422680412371134,1.0783898826366165,0.030725314148496052,0.6673387096774194,0.6494661921708185,0.15357766143106458,0.21096345514950166,-0.017872517506600905,0.05738579371843708,0.05738579371843708,1.0,0.8008269315850863,0.04791759964173757,107.0,0.03167986813018863,0.0,0.02104791759964174,1.0,0.03194738686885534,0.021071919377004124,0.8695652173913043,-0.0013434841021048305,0.06383904691937503,0.01910086661477503,0.04791759964173757,,,,,,,,,,,,,,,,,,,,,,
62,bank_marketing,xgboost,guard_threshold,privileged_first,2233.0,0.7411553963278101,0.7355017495877408,0.7830188679245284,0.6275992438563327,0.696747114375656,0.37511693171188026,0.38402061855670105,1.0237357636835747,0.00890368684482079,0.6491935483870968,0.608540925266904,0.13787085514834205,0.1744186046511628,-0.0406526231201928,0.03654774950282075,0.0406526231201928,1.0,0.8008269315850863,0.019704433497536946,44.0,0.026694121474862924,0.0,0.02104791759964174,1.0,0.02684744537488269,0.021071919377004124,0.8636363636363636,-0.0017913121361397,0.00918492796633319,0.0023676960165307515,0.019704433497536946,0.49708911777877296,72.0,0.04791759964173757,0.019704433497536946,0.411214953271028,,,,,,,,,,,,,,,,,
62,bank_marketing,xgboost,universal_rl,privileged_first,2233.0,0.7236901030004478,0.7233294453605759,0.7051162790697675,0.7164461247637051,0.7107360525082044,0.35734331150608045,0.595360824742268,1.6660751875640956,0.23801751323618758,0.6290322580645161,0.7935943060498221,0.12216404886561955,0.41029900332225916,0.16456204798530594,0.2881349544566396,0.2881349544566396,1.0,0.8008269315850863,0.12136139722346619,271.0,0.03068642041524534,0.0,0.021495745633676667,1.0,0.03093118496896145,0.02153000458085204,0.9545454545454546,-0.019256605463502052,0.6515243518468541,0.24985002735297757,0.12136139722346619,,,,,,0.7429467084639498,1.0145508357172415,,,,,,,,,,,,,,,
62,bank_marketing,xgboost,coda,privileged_first,2233.0,0.7429467084639498,0.7387567871938221,0.765934065934066,0.6587901701323251,0.7083333333333333,0.39195509822263797,0.4218213058419244,1.0761980332816639,0.029866207619286433,0.6673387096774194,0.6512455516014235,0.15357766143106458,0.20764119601328904,-0.016093158075995873,0.05406353458222446,0.05406353458222446,1.0,0.8008269315850863,0.04926108374384237,110.0,0.03167986813018863,0.0,0.02104791759964174,1.0,0.03194738686885534,0.021071919377004124,0.875,0.0,0.061647197564422385,0.015778607478562412,0.04926108374384237,,,,,,,,773.0,208.0,0.5026358737761217,3.5468303822014122,1.1225924256873923,0.8251722299910397,0.11572015017048254,0.45,0.4450389231797619,0.4509470852187796,0.16639991224438555,0.45,0.33481408130135243,0.4157009432485349,0.12
62,bank_marketing,xgboost,base_model,unprivileged_first,2233.0,0.7429467084639498,0.7362627197039778,0.8009950248756219,0.6086956521739131,0.6917293233082707,0.35734331150608045,0.36254295532646047,1.0145508357172415,0.005199643820380018,0.6290322580645161,0.5907473309608541,0.12216404886561955,0.14950166112956811,-0.03828492710366205,0.02733761226394857,0.03828492710366205,1.0,0.8008269315850863,0.0,0.0,0.019944110428384614,0.0,0.011643528884908196,1.0,0.020400915522942212,0.011910215300045808,0.8636363636363636,0.0,0.0,0.0,0.0,,,,,,,,,,,,,,,,,,,,,,
62,bank_marketing,xgboost,group_threshold,unprivileged_first,2233.0,0.741603224361845,0.7374331335719744,0.7639956092206367,0.6578449905482041,0.7069578466226512,0.39195509822263797,0.422680412371134,1.0783898826366165,0.030725314148496052,0.6673387096774194,0.6494661921708185,0.15357766143106458,0.21096345514950166,-0.017872517506600905,0.05738579371843708,0.05738579371843708,1.0,0.8008269315850863,0.04791759964173757,107.0,0.018837767911908256,0.0,0.009852216748768473,1.0,0.019269233049606566,0.010077874484654145,0.8695652173913043,-0.0013434841021048305,0.06383904691937503,0.01910086661477503,0.04791759964173757,,,,,,,,,,,,,,,,,,,,,,
62,bank_marketing,xgboost,guard_threshold,unprivileged_first,2233.0,0.741603224361845,0.7359743393798013,0.7832744405182568,0.6285444234404537,0.6974305191400104,0.3760523854069224,0.38402061855670105,1.0211891573062524,0.00796823314977868,0.6512096774193549,0.608540925266904,0.13787085514834205,0.1744186046511628,-0.04266875215245092,0.03654774950282075,0.04266875215245092,1.0,0.8008269315850863,0.020152261531571878,45.0,0.018837767911908256,0.0,0.009852216748768473,1.0,0.019269233049606566,0.010077874484654145,0.8636363636363636,-0.0013434841021048305,0.006638321589010898,0.00438382504878887,0.020152261531571878,0.49843260188087773,72.0,0.04791759964173757,0.020152261531571878,0.4205607476635514,,,,,,,,,,,,,,,,,
62,bank_marketing,xgboost,universal_rl,unprivileged_first,2233.0,0.7218987908643081,0.7213920283151671,0.7043966323666978,0.7117202268431002,0.7080394922425951,0.35734331150608045,0.5902061855670103,1.6516502941652724,0.23286287406092987,0.6290322580645161,0.7846975088967971,0.12216404886561955,0.40863787375415284,0.155665250832281,0.2864738248885333,0.2864738248885333,1.0,0.8008269315850863,0.11867442901925661,265.0,0.03710110648836566,0.0,0.020600089565606806,1.0,0.037950879884800975,0.021071919377004124,0.9259259259259259,-0.021047917599641752,0.637099458448031,0.24818889778487124,0.11867442901925661,,,,,,0.7429467084639498,1.0145508357172415,,,,,,,,,,,,,,,
62,bank_marketing,xgboost,coda,unprivileged_first,2233.0,0.7375727720555306,0.7317680891284237,0.7802850356294537,0.6209829867674859,0.6915789473684212,0.3274087932647334,0.422680412371134,1.2909867452135495,0.09527161910640064,0.5887096774193549,0.6494661921708185,0.1012216404886562,0.21096345514950166,0.0607565147514636,0.10974181466084545,0.10974181466084545,1.0,0.8008269315850863,0.04746977160770264,106.0,0.018837767911908256,0.0,0.009852216748768473,1.0,0.019269233049606566,0.010077874484654145,0.8695652173913043,-0.005373936408419211,0.27643590949630803,0.07145688755718341,0.04746977160770264,,,,,,,,759.0,84.0,1.461196587035733,5.0,3.394132068133449,0.822064917407899,0.12401375660668232,0.45,0.33000000000329466,0.39686198383596394,0.12,0.45,0.5498601618593275,0.4952581353819339,0.11999999999999977
62,recruitment,xgboost,base_model,natural,24240.0,0.9892739273927392,0.9843589236490609,0.9839883551673945,0.9742193755004003,0.9790794979079498,0.26630397355554025,0.2382961210001029,0.89482750789824,-0.028007852555437363,0.9666160849772383,0.9873417721518988,0.004258540740039746,0.007269789983844911,0.0207256871746605,0.003011249243805165,0.0207256871746605,1.0,0.9995511696937434,0.0,0.0,1.0125993274510519,0.0,0.572483498349835,1.0,1.0126824734852151,0.573170731707317,1.0,0.0,0.0,0.0,0.0,,,,,,,,,,,,,,,,,,,,,,
62,recruitment,xgboost,group_threshold,natural,24240.0,0.9899752475247525,0.9880725475073029,0.9771065182829889,0.9841473178542834,0.9806142800159553,0.2736726120790579,0.2382961210001029,0.8707342659895556,-0.03537649107895502,0.9822964087000505,0.9873417721518988,0.008517081480079493,0.007269789983844911,0.00504536345184825,-0.0012472914962345814,0.00504536345184825,1.0,0.9995511696937434,0.004414191419141914,107.0,0.9847095116050631,0.0,0.5486798679867987,1.0,0.984735010231525,0.5493178999586606,1.0,0.0007013201320132945,-0.024093241908684337,-0.01568032372281225,0.004414191419141914,,,,,,,,,,,,,,,,,,,,,,
62,recruitment,xgboost,guard_threshold,natural,24240.0,0.9897689768976897,0.9868357703667796,0.9795298256836719,0.9807846277021617,0.9801568250920146,0.27112457819709385,0.2382961210001029,0.8789174429876795,-0.03282845719699096,0.9769853313100657,0.9873417721518988,0.007002933661398694,0.007269789983844911,0.01035644084183307,0.0002668563224462175,0.01035644084183307,1.0,0.9995511696937434,0.0028877887788778876,70.0,0.992476124247686,0.0,0.5588696369636964,1.0,0.9925176762281013,0.5595287308805291,1.0,0.0004950495049504955,-0.015910064910560462,-0.010369246332827431,0.0028877887788778876,0.7132838283828383,986.0,0.004414191419141914,0.0028877887788778876,0.6542056074766355,,,,,,,,,,,,,,,,,
62,recruitment,xgboost,universal_rl,natural,24240.0,0.9844884488448845,0.9818677058901915,0.9638059111743322,0.9764611689351481,0.9700922685332485,0.26630397355554025,0.25311246012964295,0.9504644513945035,-0.013191513425897305,0.9666160849772383,0.9934526407682235,0.004258540740039746,0.024771136241249325,0.026836555790985206,0.02051259550120958,0.026836555790985206,1.0,0.9995511696937434,0.005940594059405941,144.0,1.0705779917878564,0.0,0.6231023102310231,1.0,1.0707809779715376,0.6238941711451013,1.0,-0.004785478547854716,0.05563694349626358,0.006110868616324705,0.005940594059405941,,,,,,0.9892739273927392,0.89482750789824,,,,,,,,,,,,,,,
62,recruitment,xgboost,coda,natural,24240.0,0.984447194719472,0.9854994192631126,0.9536178107606679,0.9876701361088871,0.9703453158184535,0.2784243509400179,0.2495112665912131,0.8961546134481834,-0.028913084348804796,0.9817905918057663,0.9978175469227412,0.015236112425475536,0.018712977921378566,0.016026955116974828,0.0034768654959030296,0.016026955116974828,1.0,0.9995511696937434,0.012582508250825082,305.0,1.0173242423904376,0.0,0.5740511551155115,1.0,1.0174171546811932,0.5747416287722199,1.0,-0.0048267326732672755,0.0013271055499434192,-0.004698732057685673,0.012582508250825082,,,,,,,,18138.0,3311.0,3.8207886002544904,5.0,5.0,0.7711777529954179,0.1523488907633643,0.5,0.38000177616994024,0.39022226266653826,0.11999999999999933,0.45,0.36296008952906117,0.4194431415909941,0.23999999999995336
62,recruitment,xgboost,base_model,privileged_first,24240.0,0.9892739273927392,0.9843589236490609,0.9839883551673945,0.9742193755004003,0.9790794979079498,0.26630397355554025,0.2382961210001029,0.89482750789824,-0.028007852555437363,0.9666160849772383,0.9873417721518988,0.004258540740039746,0.007269789983844911,0.0207256871746605,0.003011249243805165,0.0207256871746605,1.0,0.9995511696937434,0.0,0.0,0.0018619014531118822,0.0,0.0007425742574257426,1.0,0.0017417317578930147,0.0006200909466721786,1.0,0.0,0.0,0.0,0.0,,,,,,,,,,,,,,,,,,,,,,
62,recruitment,xgboost,group_threshold,privileged_first,24240.0,0.9899752475247525,0.9880725475073029,0.9771065182829889,0.9841473178542834,0.9806142800159553,0.2736726120790579,0.2382961210001029,0.8707342659895556,-0.03537649107895502,0.9822964087000505,0.9873417721518988,0.008517081480079493,0.007269789983844911,0.00504536345184825,-0.0012472914962345814,0.00504536345184825,1.0,0.9995511696937434,0.004414191419141914,107.0,0.0018619014531118822,0.0,0.0007425742574257426,1.0,0.0017417317578930147,0.0006200909466721786,1.0,0.0007013201320132945,-0.024093241908684337,-0.01568032372281225,0.004414191419141914,,,,,,,,,,,,,,,,,,,,,,
62,recruitment,xgboost,guard_threshold,privileged_first,24240.0,0.9900577557755775,0.9879712828334354,0.9778732887615409,0.9836669335468374,0.9807615550411112,0.27312168583430896,0.2382961210001029,0.8724906639038058,-0.03482556483420607,0.9815376833586241,0.9873417721518988,0.008043910286741743,0.007269789983844911,0.005804088793274653,-0.0007741203028968314,0.005804088793274653,1.0,0.9995511696937434,0.004084158415841584,99.0,0.0018619014531118822,0.0,0.0007425742574257426,1.0,0.0017417317578930147,0.0006200909466721786,1.0,0.000783828382838303,-0.02233684399443414,-0.014921598381385848,0.004084158415841584,0.8872524752475247,674.0,0.004414191419141914,0.004084158415841584,0.9252336448598131,,,,,,,,,,,,,,,,,
62,recruitment,xgboost,universal_rl,privileged_first,24240.0,0.9304455445544555,0.9462528844970948,0.7973131602973784,0.9788630904723779,0.8788096607245544,0.26630397355554025,0.3909867270295298,1.4681971200402901,0.12468275347398955,0.9666160849772383,1.0,0.004258540740039746,0.2031502423263328,0.03338391502276172,0.19889170158629305,0.19889170158629305,1.0,0.9995511696937434,0.06122112211221122,1484.0,0.0020742442754783045,0.0,0.0011551155115511551,1.0,0.001954513486465238,0.0010334849111202976,1.0,-0.05882838283828373,0.5733696121420502,0.17816601441163255,0.06122112211221122,,,,,,0.9892739273927392,0.89482750789824,,,,,,,,,,,,,,,
62,recruitment,xgboost,coda,privileged_first,24240.0,0.9871699669966997,0.9874900976630151,0.9630149812734082,0.9881505204163331,0.9754208488105587,0.2736726120790579,0.25043728778680935,0.9150981016487817,-0.02323532429224856,0.9822964087000505,0.998254037538193,0.008517081480079493,0.01978998384491115,0.015957628838142446,0.011272902364831656,0.015957628838142446,1.0,0.9995511696937434,0.009282178217821782,225.0,0.0018619014531118822,0.0,0.0007425742574257426,1.0,0.0017417317578930147,0.0006200909466721786,1.0,-0.0021039603960395503,0.020270593750541743,-0.004768058336518055,0.009282178217821782,,,,,,,,5870.0,1220.0,1.06615031646738,5.0,0.7694428114438983,0.6623156650609736,0.18862180952418256,0.5,0.3801004285453735,0.45380097267105685,0.12000008253601735,0.45,0.340839252493295,0.44614865122299807,0.2399999895685644
62,recruitment,xgboost,base_model,unprivileged_first,24240.0,0.9892739273927392,0.9843589236490609,0.9839883551673945,0.9742193755004003,0.9790794979079498,0.26630397355554025,0.2382961210001029,0.89482750789824,-0.028007852555437363,0.9666160849772383,0.9873417721518988,0.004258540740039746,0.007269789983844911,0.0207256871746605,0.003011249243805165,0.0207256871746605,1.0,0.9995511696937434,0.0,0.0,0.00045396545200970855,0.0,4.1254125412541255e-05,1.0,0.00045490378489935237,4.133939644481191e-05,1.0,0.0,0.0,0.0,0.0,,,,,,,,,,,,,,,,,,,,,,
62,recruitment,xgboost,group_threshold,unprivileged_first,24240.0,0.9899752475247525,0.9880725475073029,0.9771065182829889,0.9841473178542834,0.9806142800159553,0.2736726120790579,0.2382961210001029,0.8707342659895556,-0.03537649107895502,0.9822964087000505,0.9873417721518988,0.008517081480079493,0.007269789983844911,0.00504536345184825,-0.0012472914962345814,0.00504536345184825,1.0,0.9995511696937434,0.004414191419141914,107.0,0.00045396545200970855,0.0,4.1254125412541255e-05,1.0,0.00045490378489935237,4.133939644481191e-05,1.0,0.0007013201320132945,-0.024093241908684337,-0.01568032372281225,0.004414191419141914,,,,,,,,,,,,,,,,,,,,,,
62,recruitment,xgboost,guard_threshold,unprivileged_first,24240.0,0.98993399339934,0.9877310906797124,0.9778627169931517,0.9831865492393915,0.9805174065793676,0.27291508849252805,0.2382961210001029,0.8731511413178134,-0.03461896749242516,0.9807789580171977,0.9873417721518988,0.008043910286741743,0.007269789983844911,0.006562814134701056,-0.0007741203028968314,0.006562814134701056,1.0,0.9995511696937434,0.0039603960396039604,96.0,0.00045396545200970855,0.0,4.1254125412541255e-05,1.0,0.00045490378489935237,4.133939644481191e-05,1.0,0.0006600660066007347,-0.021676366580426598,-0.014162873039959445,0.0039603960396039604,0.886963696369637,674.0,0.004414191419141914,0.0039603960396039604,0.897196261682243,,,,,,,,,,,,,,,,,
62,recruitment,xgboost,universal_rl,unprivileged_first,24240.0,0.9362623762376238,0.9501706394290202,0.8122508636726017,0.9788630904723779,0.8878077118582527,0.26630397355554025,0.3764790616318551,1.413719279533532,0.11017508807631488,0.9666160849772383,1.0,0.004258540740039746,0.1841680129240711,0.03338391502276172,0.17990947218403133,0.17990947218403133,1.0,0.9995511696937434,0.05540429042904291,1343.0,0.002291234728454301,0.0,0.0016914191419141913,1.0,0.002295970641493685,0.001694915254237288,1.0,-0.053011551155115466,0.5188917716352921,0.15918378500937083,0.05540429042904291,,,,,,0.9892739273927392,0.89482750789824,,,,,,,,,,,,,,,
62,recruitment,xgboost,coda,unprivileged_first,24240.0,0.9868399339933993,0.9781713450782854,0.9882992748846408,0.9602882305844676,0.9740924226427354,0.2583844087872736,0.2382961210001029,0.9222542572074878,-0.0200882877871707,0.9446130500758725,0.9873417721518988,0.0016087820573483487,0.007269789983844911,0.04272872207602629,0.005661007926496563,0.04272872207602629,1.0,0.9995511696937434,0.004909240924092409,119.0,0.00045396545200970855,0.0,4.1254125412541255e-05,1.0,0.00045490378489935237,4.133939644481191e-05,1.0,-0.0024339933993399177,0.027426749309247822,0.022003034901365792,0.004909240924092409,,,,,,,,11980.0,2279.0,2.7798253737941843,5.0,5.0,0.6155918843455352,0.17290719758754158,0.5,0.3800000297742394,0.4285551778439628,0.11999999999999933,0.45,0.5699997526512451,0.520009397092277,0.12000000000000016
