Age,Sex,Job,Housing,Saving accounts,Checking account,Credit amount,Duration,Purpose
1.6677985148046663,-1.5171970183377077,1.6839789285915827,-2.019286568047418,-0.7028650336258314,-1.3053185006821908,-0.24819295688591125,-0.7380148735136389,0.561018078547474
-0.22938697256361976,0.6591101800975286,0.137016658231861,-0.12451364896807118,-0.7028650336258314,-0.2391306938239252,1.1096586338522476,0.2500828213404521,1.0657901286544558
-1.0917440122764772,0.6591101800975286,0.137016658231861,-0.12451364896807118,0.9621282778397591,-0.2391306938239252,-0.6507560167282831,-0.49099044980011614,1.0657901286544558
-1.0917440122764772,-1.5171970183377077,0.137016658231861,1.7702592701112758,-0.7028650336258314,0.8270571130343405,-0.40155031301633864,-0.9026978226559874,0.561018078547474
0.5467343631779519,0.6591101800975286,1.6839789285915827,-2.019286568047418,-0.7028650336258314,-1.3053185006821908,1.5924503105591485,2.226278211048634,-0.9532980717734716
-0.8330369003626199,0.6591101800975286,0.137016658231861,1.7702592701112758,-0.7028650336258314,0.8270571130343405,0.08550129024974086,-1.2320637209406844,-0.9532980717734716
0.8916771790630948,0.6591101800975286,0.137016658231861,-0.12451364896807118,-0.7028650336258314,0.8270571130343405,-0.23647815884817028,0.2500828213404521,1.0657901286544558
-0.6605654924200485,-1.5171970183377077,-1.4099456121278608,-0.12451364896807118,-0.7028650336258314,1.8932449198926062,-0.8988967388004329,-0.9850392972271617,1.0657901286544558
-1.3504511241903343,-1.5171970183377077,0.137016658231861,1.7702592701112758,-0.7028650336258314,-1.3053185006821908,-0.43953465816901394,-0.2439660260865934,0.561018078547474
-0.7468011963913341,0.6591101800975286,1.6839789285915827,-2.019286568047418,0.9621282778397591,-0.2391306938239252,2.087311779183722,3.214375905902725,1.0657901286544558
0.029320139350237445,0.6591101800975286,0.137016658231861,1.7702592701112758,-0.7028650336258314,-1.3053185006821908,-0.16973930942103985,-0.9850392972271617,-0.9532980717734716
-1.1779797162477628,-1.5171970183377077,0.137016658231861,1.7702592701112758,-0.7028650336258314,-1.3053185006821908,0.12597059256193696,0.2500828213404521,-0.9532980717734716
-1.1779797162477628,-1.5171970183377077,0.137016658231861,-0.12451364896807118,-0.7028650336258314,-0.2391306938239252,-0.6070917694967031,-0.7380148735136389,1.0657901286544558
0.2017915472928089,0.6591101800975286,0.137016658231861,-0.12451364896807118,-0.7028650336258314,0.8270571130343405,-0.8779520998844718,-0.7380148735136389,1.0657901286544558
-0.8330369003626199,-1.5171970183377077,-1.4099456121278608,-0.12451364896807118,-0.7028650336258314,-0.2391306938239252,-0.7682589909856244,-0.2439660260865934,1.0657901286544558
-0.3156226765349055,0.6591101800975286,0.137016658231861,-0.12451364896807118,1.7946249335725544,0.8270571130343405,-0.10619540491329334,-1.2320637209406844,0.561018078547474
1.2366199949482377,0.6591101800975286,0.137016658231861,-0.12451364896807118,-0.7028650336258314,0.8270571130343405,-0.36782589442284186,0.0030583976269293474,0.561018078547474
0.029320139350237445,0.6591101800975286,1.6839789285915827,-0.12451364896807118,-0.7028650336258314,0.8270571130343405,-0.0007622225736245248,0.0030583976269293474,-0.9532980717734716
0.3742629552353804,0.6591101800975286,1.6839789285915827,-0.12451364896807118,-0.7028650336258314,-0.2391306938239252,0.36204152271641427,-0.2439660260865934,0.561018078547474
-0.05691556462104829,0.6591101800975286,-1.4099456121278608,-0.12451364896807118,2.6271215893053497,-0.2391306938239252,-0.4743240584023053,-0.2439660260865934,-1.4580701218804535
-0.8330369003626199,0.6591101800975286,0.137016658231861,-0.12451364896807118,-0.7028650336258314,-1.3053185006821908,-0.685900410841506,-0.2439660260865934,1.0657901286544558
-1.2642154202190485,-1.5171970183377077,0.137016658231861,-0.12451364896807118,0.1296316221069638,0.8270571130343405,2.4376907386761566,3.214375905902725,1.0657901286544558
1.8402699227472379,-1.5171970183377077,-1.4099456121278608,-0.12451364896807118,1.7946249335725544,1.8932449198926062,-0.7167848783955504,0.2500828213404521,1.0657901286544558
-0.4018583805061912,0.6591101800975286,0.137016658231861,-0.12451364896807118,-0.7028650336258314,1.8932449198926062,0.42452044558436614,1.2381805161945432,1.0657901286544558
-0.488094084477477,0.6591101800975286,1.6839789285915827,-0.12451364896807118,-0.7028650336258314,-1.3053185006821908,-0.5162133362342276,0.2500828213404521,1.0657901286544558
-0.488094084477477,0.6591101800975286,1.6839789285915827,-0.12451364896807118,-0.7028650336258314,-0.2391306938239252,0.4181305557455984,1.2381805161945432,-1.4580701218804535
0.5467343631779519,0.6591101800975286,0.137016658231861,-2.019286568047418,0.1296316221069638,0.8270571130343405,-0.6855454169615744,-1.2320637209406844,1.0657901286544558
-0.9192726043339057,0.6591101800975286,0.137016658231861,-0.12451364896807118,-0.7028650336258314,-0.2391306938239252,3.9559995631433744,2.226278211048634,-1.4580701218804535
-0.4018583805061912,0.6591101800975286,-1.4099456121278608,-0.12451364896807118,-0.7028650336258314,-0.2391306938239252,-0.4789389788414154,-0.2439660260865934,0.561018078547474
-0.488094084477477,-1.5171970183377077,0.137016658231861,-0.12451364896807118,0.1296316221069638,0.8270571130343405,-0.5016585871570343,-0.2439660260865934,0.05624602844049215
-1.0055083083051914,0.6591101800975286,0.137016658231861,-0.12451364896807118,-0.7028650336258314,-0.2391306938239252,-1.0007799823407864,-0.9850392972271617,1.0657901286544558
-1.0055083083051914,0.6591101800975286,-1.4099456121278608,-0.12451364896807118,0.9621282778397591,-1.3053185006821908,0.17247479083296935,0.0030583976269293474,-0.9532980717734716
2.702626962460095,0.6591101800975286,0.137016658231861,-0.12451364896807118,0.9621282778397591,-1.3053185006821908,-0.7483793337094579,-1.2320637209406844,1.0657901286544558
0.2017915472928089,0.6591101800975286,-1.4099456121278608,-0.12451364896807118,-0.7028650336258314,-1.3053185006821908,-0.9120315123579,-0.7380148735136389,0.561018078547474
0.029320139350237445,0.6591101800975286,0.137016658231861,-0.12451364896807118,-0.7028650336258314,-0.2391306938239252,0.22643386058256415,0.49710724505397486,-1.4580701218804535
2.2714484426036665,-1.5171970183377077,0.137016658231861,-2.019286568047418,-0.7028650336258314,0.8270571130343405,0.17034482755338007,0.2500828213404521,-0.9532980717734716
3.3925125942303813,0.6591101800975286,1.6839789285915827,-2.019286568047418,-0.7028650336258314,-1.3053185006821908,1.1849173363977352,0.2500828213404521,-0.9532980717734716
-1.1779797162477628,-1.5171970183377077,0.137016658231861,-0.12451364896807118,-0.7028650336258314,-0.2391306938239252,0.9492014001231894,2.226278211048634,1.0657901286544558
-0.9192726043339057,0.6591101800975286,0.137016658231861,-0.12451364896807118,-0.7028650336258314,-1.3053185006821908,-0.40510025181565407,-0.9850392972271617,0.561018078547474
1.0641485870056662,0.6591101800975286,-1.4099456121278608,1.7702592701112758,-0.7028650336258314,-1.3053185006821908,-0.36782589442284186,-0.9026978226559874,-0.9532980717734716
-0.22938697256361976,0.6591101800975286,0.137016658231861,-0.12451364896807118,-0.7028650336258314,1.8932449198926062,1.0691893315400516,1.7322293636215886,-1.4580701218804535
0.029320139350237445,0.6591101800975286,0.137016658231861,-0.12451364896807118,1.7946249335725544,1.8932449198926062,-0.325581622710988,-0.49099044980011614,-0.9532980717734716
-0.14315126859233404,0.6591101800975286,-1.4099456121278608,-0.12451364896807118,-0.7028650336258314,-1.3053185006821908,3.0958493920692414,0.7441316687674976,1.5705621787614377
-0.7468011963913341,0.6591101800975286,-1.4099456121278608,-0.12451364896807118,0.1296316221069638,0.8270571130343405,0.3059524896872302,0.2500828213404521,-1.4580701218804535
-0.8330369003626199,0.6591101800975286,0.137016658231861,-0.12451364896807118,-0.7028650336258314,1.8932449198926062,-0.48000396048121,0.2500828213404521,0.561018078547474
0.7192057711205233,-1.5171970183377077,-1.4099456121278608,1.7702592701112758,-0.7028650336258314,1.8932449198926062,-0.495623691198198,-0.7380148735136389,1.0657901286544558
-1.1779797162477628,0.6591101800975286,0.137016658231861,-0.12451364896807118,-0.7028650336258314,-0.2391306938239252,0.19696936854824593,0.7441316687674976,0.561018078547474
-1.1779797162477628,-1.5171970183377077,0.137016658231861,1.7702592701112758,0.1296316221069638,0.8270571130343405,-0.34652626162694916,-0.9850392972271617,0.561018078547474
2.788862666431381,0.6591101800975286,0.137016658231861,1.7702592701112758,0.9621282778397591,0.8270571130343405,1.2367464428677406,-0.2439660260865934,-0.9532980717734716
0.8054414750918091,-1.5171970183377077,0.137016658231861,-0.12451364896807118,-0.7028650336258314,-0.2391306938239252,-0.3365864329888659,-1.14972224636951,1.0657901286544558
0.11555584332152317,-1.5171970183377077,0.137016658231861,-0.12451364896807118,2.6271215893053497,0.8270571130343405,-0.7064900558775357,0.2500828213404521,-0.9532980717734716
-0.5743297884487627,-1.5171970183377077,0.137016658231861,-0.12451364896807118,-0.7028650336258314,-1.3053185006821908,0.07875640653104152,-0.7380148735136389,-0.9532980717734716
-0.5743297884487627,0.6591101800975286,-1.4099456121278608,-0.12451364896807118,0.9621282778397591,-0.2391306938239252,-0.33516645746913976,0.2500828213404521,0.561018078547474
0.9779128830343805,0.6591101800975286,0.137016658231861,-0.12451364896807118,-0.7028650336258314,1.8932449198926062,-0.09235064359596308,0.7441316687674976,1.0657901286544558
-0.3156226765349055,0.6591101800975286,-1.4099456121278608,-0.12451364896807118,-0.7028650336258314,-0.2391306938239252,-0.701520141558494,-0.2439660260865934,1.0657901286544558
1.8402699227472379,-1.5171970183377077,1.6839789285915827,1.7702592701112758,2.6271215893053497,-1.3053185006821908,-0.7263697131537021,0.2500828213404521,1.0657901286544558
0.5467343631779519,-1.5171970183377077,0.137016658231861,-0.12451364896807118,0.9621282778397591,-0.2391306938239252,0.64142170622254,0.2500828213404521,1.0657901286544558
1.4090914028908093,0.6591101800975286,-1.4099456121278608,-0.12451364896807118,-0.7028650336258314,-1.3053185006821908,-0.34155634730790757,-0.9026978226559874,1.0657901286544558
-1.0055083083051914,0.6591101800975286,-1.4099456121278608,-0.12451364896807118,-0.7028650336258314,-1.3053185006821908,-0.37741072918099355,-0.7380148735136389,1.0657901286544558
0.8916771790630948,0.6591101800975286,0.137016658231861,-0.12451364896807118,-0.7028650336258314,-1.3053185006821908,-0.9159364450371471,-0.7380148735136389,-0.9532980717734716
0.8916771790630948,0.6591101800975286,0.137016658231861,-0.12451364896807118,-0.7028650336258314,0.8270571130343405,-0.5140833729546384,-0.49099044980011614,1.0657901286544558
-0.7468011963913341,0.6591101800975286,0.137016658231861,-0.12451364896807118,-0.7028650336258314,-1.3053185006821908,-0.7895586237815171,-0.49099044980011614,1.0657901286544558
-0.8330369003626199,-1.5171970183377077,-1.4099456121278608,1.7702592701112758,0.1296316221069638,-0.2391306938239252,0.356006626757578,0.7441316687674976,-1.4580701218804535
-1.0055083083051914,-1.5171970183377077,0.137016658231861,-0.12451364896807118,-0.7028650336258314,-0.2391306938239252,-0.7242397498741129,-1.067380771798336,0.561018078547474
0.3742629552353804,0.6591101800975286,0.137016658231861,-0.12451364896807118,0.9621282778397591,0.8270571130343405,-0.0710510108000704,0.7441316687674976,1.0657901286544558
0.5467343631779519,0.6591101800975286,-1.4099456121278608,-0.12451364896807118,-0.7028650336258314,0.8270571130343405,-0.6298113778123219,-1.3967466700830329,1.0657901286544558
-0.3156226765349055,0.6591101800975286,0.137016658231861,-0.12451364896807118,-0.7028650336258314,-0.2391306938239252,-0.35646609026503245,1.2381805161945432,0.05624602844049215
0.6329700671492376,0.6591101800975286,1.6839789285915827,-0.12451364896807118,-0.7028650336258314,-1.3053185006821908,4.465770774725073,1.2381805161945432,2.0753342288684196
-0.3156226765349055,0.6591101800975286,-1.4099456121278608,-0.12451364896807118,-0.7028650336258314,0.8270571130343405,-0.7263697131537021,-0.9026978226559874,-0.9532980717734716
-0.488094084477477,-1.5171970183377077,0.137016658231861,-0.12451364896807118,-0.7028650336258314,-0.2391306938239252,-0.8374827975722756,-0.9850392972271617,0.561018078547474
-0.7468011963913341,-1.5171970183377077,0.137016658231861,1.7702592701112758,0.9621282778397591,-1.3053185006821908,-0.40652022733538024,-0.9026978226559874,0.561018078547474
-0.14315126859233404,-1.5171970183377077,0.137016658231861,-0.12451364896807118,-0.7028650336258314,-1.3053185006821908,-0.5094684525155282,1.2381805161945432,-0.9532980717734716
0.5467343631779519,0.6591101800975286,0.137016658231861,-0.12451364896807118,-0.7028650336258314,0.8270571130343405,0.019117434702541986,-0.7380148735136389,0.561018078547474
-1.0917440122764772,0.6591101800975286,-1.4099456121278608,-0.12451364896807118,1.7946249335725544,-0.2391306938239252,-0.26878260192194087,0.49710724505397486,1.0657901286544558
-0.488094084477477,0.6591101800975286,1.6839789285915827,-2.019286568047418,0.9621282778397591,0.8270571130343405,3.3379552181825547,0.0030583976269293474,-0.9532980717734716
-0.488094084477477,0.6591101800975286,0.137016658231861,1.7702592701112758,-0.7028650336258314,0.8270571130343405,-0.5456778282685458,-1.2320637209406844,1.0657901286544558
0.2017915472928089,-1.5171970183377077,0.137016658231861,-0.12451364896807118,-0.7028650336258314,0.8270571130343405,-0.6191615614143756,0.2500828213404521,1.0657901286544558
0.5467343631779519,0.6591101800975286,0.137016658231861,-2.019286568047418,-0.7028650336258314,-0.2391306938239252,1.06883433766012,3.214375905902725,0.05624602844049215
-0.14315126859233404,0.6591101800975286,0.137016658231861,-0.12451364896807118,-0.7028650336258314,0.8270571130343405,-0.18393906461830165,-0.7380148735136389,0.561018078547474
2.6163912584888096,0.6591101800975286,-2.9569078824875827,-2.019286568047418,1.7946249335725544,1.8932449198926062,-0.6379762370507475,-0.7380148735136389,-0.9532980717734716
1.150384290976952,-1.5171970183377077,0.137016658231861,-0.12451364896807118,-0.7028650336258314,-0.2391306938239252,-0.7757138624641868,-0.7380148735136389,1.0657901286544558
-0.8330369003626199,-1.5171970183377077,1.6839789285915827,1.7702592701112758,-0.7028650336258314,0.8270571130343405,0.4447550967404642,0.7441316687674976,1.0657901286544558
2.098977034661095,-1.5171970183377077,1.6839789285915827,-2.019286568047418,0.1296316221069638,-0.2391306938239252,4.084152353798662,3.214375905902725,2.0753342288684196
1.3228556989195235,0.6591101800975286,1.6839789285915827,-2.019286568047418,-0.7028650336258314,-1.3053185006821908,-0.7501543031091156,-1.067380771798336,2.0753342288684196
0.029320139350237445,0.6591101800975286,0.137016658231861,-0.12451364896807118,0.9621282778397591,0.8270571130343405,1.2300015591490414,0.7441316687674976,1.0657901286544558
0.6329700671492376,-1.5171970183377077,-1.4099456121278608,-0.12451364896807118,-0.7028650336258314,0.8270571130343405,-0.64543110852931,-0.49099044980011614,1.0657901286544558
0.3742629552353804,0.6591101800975286,0.137016658231861,-0.12451364896807118,1.7946249335725544,0.8270571130343405,-0.2137585505325514,0.08539987219810359,1.0657901286544558
-1.0055083083051914,-1.5171970183377077,0.137016658231861,-0.12451364896807118,0.9621282778397591,0.8270571130343405,-0.8531025282892636,-0.49099044980011614,-0.4485260216664897
1.5815628108333808,0.6591101800975286,0.137016658231861,-2.019286568047418,-0.7028650336258314,0.8270571130343405,-0.5964419530987567,0.2500828213404521,0.05624602844049215
-0.7468011963913341,0.6591101800975286,0.137016658231861,-0.12451364896807118,-0.7028650336258314,0.8270571130343405,-0.2357681710883072,1.2381805161945432,1.5705621787614377
0.3742629552353804,0.6591101800975286,-1.4099456121278608,1.7702592701112758,-0.7028650336258314,-1.3053185006821908,-0.9205513654762572,-0.7380148735136389,0.05624602844049215
-0.9192726043339057,-1.5171970183377077,-1.4099456121278608,-0.12451364896807118,-0.7028650336258314,-0.2391306938239252,-0.6823504720421906,0.2500828213404521,-0.9532980717734716
-0.5743297884487627,0.6591101800975286,1.6839789285915827,1.7702592701112758,0.1296316221069638,0.8270571130343405,-0.4885238135995671,0.2500828213404521,1.0657901286544558
-0.7468011963913341,0.6591101800975286,0.137016658231861,-0.12451364896807118,2.6271215893053497,-0.2391306938239252,2.727720738580229,2.226278211048634,1.0657901286544558
-1.0917440122764772,0.6591101800975286,-1.4099456121278608,-0.12451364896807118,-0.7028650336258314,-0.2391306938239252,-0.7913335931811748,-0.9026978226559874,1.0657901286544558
0.2880272512640947,0.6591101800975286,1.6839789285915827,-0.12451364896807118,-0.7028650336258314,-0.2391306938239252,3.0745497592733484,0.2500828213404521,2.0753342288684196
0.7192057711205233,0.6591101800975286,1.6839789285915827,1.7702592701112758,-0.7028650336258314,-1.3053185006821908,0.03793211033891386,-1.2320637209406844,0.561018078547474
0.11555584332152317,0.6591101800975286,0.137016658231861,-0.12451364896807118,-0.7028650336258314,0.8270571130343405,0.09153618620857713,1.2381805161945432,-0.9532980717734716
-1.3504511241903343,0.6591101800975286,1.6839789285915827,1.7702592701112758,-0.7028650336258314,-1.3053185006821908,-0.7703889542652137,-0.7380148735136389,1.0657901286544558
2.5301555545175236,0.6591101800975286,0.137016658231861,-0.12451364896807118,0.9621282778397591,0.8270571130343405,-0.8332228710130971,-0.7380148735136389,1.0657901286544558
-0.7468011963913341,-1.5171970183377077,0.137016658231861,-0.12451364896807118,-0.7028650336258314,0.8270571130343405,-0.7426994316305532,-0.7380148735136389,-1.4580701218804535
-0.9192726043339057,-1.5171970183377077,0.137016658231861,1.7702592701112758,-0.7028650336258314,-0.2391306938239252,-0.7036501048380832,-0.7380148735136389,-0.9532980717734716
-1.0055083083051914,-1.5171970183377077,0.137016658231861,1.7702592701112758,-0.7028650336258314,-1.3053185006821908,-0.9319111696340666,-0.7380148735136389,0.561018078547474
0.8916771790630948,0.6591101800975286,0.137016658231861,-2.019286568047418,1.7946249335725544,0.8270571130343405,-0.9052866286392007,-0.9026978226559874,0.05624602844049215
-1.0055083083051914,-1.5171970183377077,0.137016658231861,1.7702592701112758,-0.7028650336258314,-1.3053185006821908,0.3659464553956613,2.226278211048634,-1.4580701218804535
0.2017915472928089,0.6591101800975286,0.137016658231861,-0.12451364896807118,0.9621282778397591,0.8270571130343405,-0.186779015657754,2.226278211048634,-0.9532980717734716
-0.7468011963913341,0.6591101800975286,-1.4099456121278608,-0.12451364896807118,-0.7028650336258314,0.8270571130343405,-0.20204375249481044,-0.49099044980011614,0.561018078547474
-1.2642154202190485,0.6591101800975286,0.137016658231861,1.7702592701112758,-0.7028650336258314,-1.3053185006821908,-0.8431626996511804,-0.7380148735136389,0.05624602844049215
0.3742629552353804,-1.5171970183377077,0.137016658231861,-0.12451364896807118,2.6271215893053497,-0.2391306938239252,-0.6940652700799316,-0.8203563480848132,-0.9532980717734716
-0.488094084477477,0.6591101800975286,0.137016658231861,-0.12451364896807118,-0.7028650336258314,0.8270571130343405,0.4898393194917704,-0.49099044980011614,-0.9532980717734716
-0.05691556462104829,0.6591101800975286,0.137016658231861,-0.12451364896807118,0.1296316221069638,0.8270571130343405,0.3102124162464087,0.2500828213404521,0.561018078547474
-0.9192726043339057,-1.5171970183377077,-1.4099456121278608,-0.12451364896807118,-0.7028650336258314,-0.2391306938239252,0.5178838360063625,0.2500828213404521,0.561018078547474
-0.9192726043339057,0.6591101800975286,0.137016658231861,-0.12451364896807118,0.9621282778397591,0.8270571130343405,-0.061111182161987146,0.2500828213404521,1.0657901286544558
-0.22938697256361976,-1.5171970183377077,-1.4099456121278608,1.7702592701112758,0.9621282778397591,0.8270571130343405,-0.38735055781907685,-0.49099044980011614,0.561018078547474
0.9779128830343805,-1.5171970183377077,0.137016658231861,-2.019286568047418,0.1296316221069638,1.8932449198926062,-0.6745406066836965,0.2500828213404521,1.0657901286544558
-0.488094084477477,0.6591101800975286,0.137016658231861,-0.12451364896807118,-0.7028650336258314,0.8270571130343405,-0.9123865062378316,-0.7380148735136389,1.0657901286544558
2.6163912584888096,0.6591101800975286,1.6839789285915827,-2.019286568047418,-0.7028650336258314,-1.3053185006821908,-0.6216465185738964,-0.7380148735136389,-0.9532980717734716
0.4604986592066661,0.6591101800975286,-1.4099456121278608,-0.12451364896807118,-0.7028650336258314,-1.3053185006821908,-0.9283612308347511,-1.2320637209406844,-0.9532980717734716
-1.1779797162477628,0.6591101800975286,0.137016658231861,-2.019286568047418,-0.7028650336258314,-1.3053185006821908,-0.04549145144499917,0.2500828213404521,0.561018078547474
2.5301555545175236,0.6591101800975286,0.137016658231861,-2.019286568047418,-0.7028650336258314,-1.3053185006821908,-0.24038309152741727,-0.2439660260865934,1.0657901286544558
1.0641485870056662,-1.5171970183377077,-1.4099456121278608,-0.12451364896807118,0.9621282778397591,-0.2391306938239252,0.3812111922327177,0.2500828213404521,0.561018078547474
0.029320139350237445,0.6591101800975286,0.137016658231861,-0.12451364896807118,0.9621282778397591,-0.2391306938239252,-0.38912552721873456,0.7441316687674976,-0.9532980717734716
1.150384290976952,0.6591101800975286,0.137016658231861,-0.12451364896807118,0.1296316221069638,1.8932449198926062,-0.7636440705465143,-0.9850392972271617,1.0657901286544558
0.2880272512640947,0.6591101800975286,-1.4099456121278608,1.7702592701112758,-0.7028650336258314,-1.3053185006821908,-0.4100701661346957,-0.7380148735136389,-0.9532980717734716
-1.0917440122764772,-1.5171970183377077,0.137016658231861,-0.12451364896807118,1.7946249335725544,-1.3053185006821908,0.35636162063750954,0.9911560924810203,0.561018078547474
1.0641485870056662,0.6591101800975286,0.137016658231861,-0.12451364896807118,-0.7028650336258314,-1.3053185006821908,-0.7792638012635023,-0.7380148735136389,-0.9532980717734716
1.9265056267185237,0.6591101800975286,0.137016658231861,1.7702592701112758,-0.7028650336258314,-0.2391306938239252,4.497010236159048,2.720327058475679,-1.4580701218804535
-1.0055083083051914,0.6591101800975286,0.137016658231861,-0.12451364896807118,-0.7028650336258314,-1.3053185006821908,2.127781081495918,1.2381805161945432,-0.9532980717734716
0.7192057711205233,0.6591101800975286,-1.4099456121278608,-0.12451364896807118,0.9621282778397591,-1.3053185006821908,0.5107839584077315,-1.2320637209406844,-0.9532980717734716
1.495327106862095,0.6591101800975286,0.137016658231861,-0.12451364896807118,1.7946249335725544,0.8270571130343405,-0.15695952974350424,0.2500828213404521,0.561018078547474
0.3742629552353804,0.6591101800975286,-1.4099456121278608,-0.12451364896807118,-0.7028650336258314,-1.3053185006821908,0.23495371370092122,-0.8203563480848132,-0.9532980717734716
-1.0917440122764772,-1.5171970183377077,1.6839789285915827,1.7702592701112758,-0.7028650336258314,-0.2391306938239252,2.940362072659225,0.2500828213404521,-0.9532980717734716
-0.9192726043339057,-1.5171970183377077,0.137016658231861,1.7702592701112758,-0.7028650336258314,0.8270571130343405,0.24666851173866222,0.2500828213404521,0.561018078547474
-0.22938697256361976,0.6591101800975286,0.137016658231861,-0.12451364896807118,-0.7028650336258314,0.8270571130343405,-0.4327897744503146,0.2500828213404521,1.5705621787614377
-0.7468011963913341,0.6591101800975286,0.137016658231861,-0.12451364896807118,-0.7028650336258314,0.8270571130343405,0.20335925838701374,-0.2439660260865934,-0.9532980717734716
-0.3156226765349055,0.6591101800975286,0.137016658231861,-0.12451364896807118,-0.7028650336258314,0.8270571130343405,-0.6124166776956762,0.2500828213404521,1.0657901286544558
-0.6605654924200485,-1.5171970183377077,0.137016658231861,-0.12451364896807118,-0.7028650336258314,0.8270571130343405,-0.5183432995138169,-0.2439660260865934,0.561018078547474
0.4604986592066661,0.6591101800975286,0.137016658231861,-0.12451364896807118,0.1296316221069638,-0.2391306938239252,-0.27481749788077714,0.7441316687674976,-1.4580701218804535
-1.1779797162477628,-1.5171970183377077,-1.4099456121278608,-0.12451364896807118,-0.7028650336258314,-1.3053185006821908,-0.8772421121246087,-0.49099044980011614,-1.4580701218804535
0.2017915472928089,0.6591101800975286,0.137016658231861,-0.12451364896807118,0.1296316221069638,-0.2391306938239252,0.0833713269701516,0.2500828213404521,-0.9532980717734716
-0.5743297884487627,0.6591101800975286,1.6839789285915827,-0.12451364896807118,-0.7028650336258314,-0.2391306938239252,2.8580034925151057,0.2500828213404521,2.0753342288684196
-0.14315126859233404,-1.5171970183377077,0.137016658231861,-0.12451364896807118,-0.7028650336258314,0.8270571130343405,-0.6333613166116374,-0.7380148735136389,1.0657901286544558
-0.4018583805061912,0.6591101800975286,0.137016658231861,-0.12451364896807118,-0.7028650336258314,0.8270571130343405,-0.6688607046047919,0.2500828213404521,-0.9532980717734716
-0.05691556462104829,0.6591101800975286,1.6839789285915827,-0.12451364896807118,-0.7028650336258314,0.8270571130343405,1.4114034317940607,0.9911560924810203,-0.9532980717734716
0.11555584332152317,0.6591101800975286,-1.4099456121278608,-0.12451364896807118,0.9621282778397591,0.8270571130343405,0.10218600260652347,-0.7380148735136389,0.05624602844049215
-0.14315126859233404,0.6591101800975286,-1.4099456121278608,-0.12451364896807118,0.9621282778397591,0.8270571130343405,-0.4895887952393617,-1.2320637209406844,1.0657901286544558
-0.7468011963913341,0.6591101800975286,1.6839789285915827,-2.019286568047418,-0.7028650336258314,-1.3053185006821908,-0.658565882086777,-0.9850392972271617,-0.9532980717734716
-0.7468011963913341,0.6591101800975286,0.137016658231861,-0.12451364896807118,-0.7028650336258314,0.8270571130343405,1.9066198942985657,0.2500828213404521,-1.4580701218804535
1.6677985148046663,-1.5171970183377077,1.6839789285915827,-0.12451364896807118,0.9621282778397591,1.8932449198926062,-0.6578558943269139,-0.7380148735136389,0.561018078547474
-0.4018583805061912,0.6591101800975286,0.137016658231861,-0.12451364896807118,2.6271215893053497,-1.3053185006821908,0.13271547628063632,-0.7380148735136389,-0.9532980717734716
-0.488094084477477,-1.5171970183377077,0.137016658231861,-0.12451364896807118,-0.7028650336258314,0.8270571130343405,1.7237980461338203,1.2381805161945432,-0.9532980717734716
-0.6605654924200485,0.6591101800975286,0.137016658231861,-0.12451364896807118,0.1296316221069638,1.8932449198926062,-0.6937102762,-1.2320637209406844,-0.9532980717734716
0.9779128830343805,0.6591101800975286,-1.4099456121278608,-0.12451364896807118,-0.7028650336258314,-0.2391306938239252,-0.8232830423750138,-0.7380148735136389,-0.9532980717734716
1.7540342187759521,0.6591101800975286,0.137016658231861,-0.12451364896807118,-0.7028650336258314,0.8270571130343405,-0.943980961551739,-0.7380148735136389,1.0657901286544558
-0.6605654924200485,-1.5171970183377077,0.137016658231861,1.7702592701112758,2.6271215893053497,0.8270571130343405,-0.23931810988762264,0.2500828213404521,-0.9532980717734716
-0.05691556462104829,0.6591101800975286,-1.4099456121278608,-0.12451364896807118,-0.7028650336258314,0.8270571130343405,0.4976491848502644,0.2500828213404521,-0.9532980717734716
0.11555584332152317,0.6591101800975286,0.137016658231861,-2.019286568047418,0.9621282778397591,-0.2391306938239252,3.2346519991224754,1.2381805161945432,-0.9532980717734716
0.2880272512640947,0.6591101800975286,1.6839789285915827,-0.12451364896807118,-0.7028650336258314,0.8270571130343405,-0.49455870955840336,-0.7380148735136389,-0.9532980717734716
-0.6605654924200485,-1.5171970183377077,1.6839789285915827,1.7702592701112758,-0.7028650336258314,-1.3053185006821908,-0.23825312824782802,0.0030583976269293474,1.0657901286544558
-0.488094084477477,0.6591101800975286,1.6839789285915827,-0.12451364896807118,1.7946249335725544,0.8270571130343405,-0.33516645746913976,0.7441316687674976,1.0657901286544558
0.7192057711205233,0.6591101800975286,0.137016658231861,-0.12451364896807118,0.9621282778397591,0.8270571130343405,0.07378649221199989,-0.0792830769442449,-0.9532980717734716
0.029320139350237445,0.6591101800975286,0.137016658231861,-0.12451364896807118,-0.7028650336258314,-0.2391306938239252,-0.8495525894899482,-0.2439660260865934,-0.9532980717734716
-0.14315126859233404,0.6591101800975286,0.137016658231861,-0.12451364896807118,-0.7028650336258314,-0.2391306938239252,0.8955973242535261,1.2381805161945432,-0.9532980717734716
-0.22938697256361976,0.6591101800975286,-1.4099456121278608,-0.12451364896807118,0.1296316221069638,-1.3053185006821908,-0.9052866286392007,-0.7380148735136389,1.0657901286544558
-1.0917440122764772,-1.5171970183377077,0.137016658231861,1.7702592701112758,0.9621282778397591,-1.3053185006821908,1.8437859775506824,-0.2439660260865934,0.05624602844049215
-0.14315126859233404,-1.5171970183377077,-1.4099456121278608,-2.019286568047418,-0.7028650336258314,-0.2391306938239252,-0.511243421915186,0.2500828213404521,0.05624602844049215
-0.488094084477477,-1.5171970183377077,1.6839789285915827,-0.12451364896807118,-0.7028650336258314,-0.2391306938239252,0.6456816327817185,2.226278211048634,0.561018078547474
1.2366199949482377,0.6591101800975286,0.137016658231861,1.7702592701112758,1.7946249335725544,0.8270571130343405,-0.7245947437540444,-1.2320637209406844,-0.9532980717734716
-1.0055083083051914,0.6591101800975286,0.137016658231861,-0.12451364896807118,0.1296316221069638,-0.2391306938239252,1.1653926730015003,2.226278211048634,-0.9532980717734716
-0.8330369003626199,-1.5171970183377077,0.137016658231861,-0.12451364896807118,-0.7028650336258314,0.8270571130343405,-0.03413164728718974,0.2500828213404521,1.0657901286544558
0.3742629552353804,0.6591101800975286,-2.9569078824875827,-0.12451364896807118,-0.7028650336258314,-0.2391306938239252,0.11106084960481209,-0.2439660260865934,-1.4580701218804535
0.4604986592066661,0.6591101800975286,-1.4099456121278608,-0.12451364896807118,1.7946249335725544,0.8270571130343405,-0.24748296912604817,0.0030583976269293474,-1.4580701218804535
-1.3504511241903343,-1.5171970183377077,0.137016658231861,1.7702592701112758,0.9621282778397591,0.8270571130343405,0.4962292093305382,-0.7380148735136389,-0.9532980717734716
0.2880272512640947,0.6591101800975286,1.6839789285915827,1.7702592701112758,-0.7028650336258314,-1.3053185006821908,0.02408734902158361,0.2500828213404521,0.561018078547474
-1.43668682816162,-1.5171970183377077,-1.4099456121278608,1.7702592701112758,2.6271215893053497,-0.2391306938239252,-0.8144081953767253,-0.7380148735136389,0.561018078547474
0.2017915472928089,-1.5171970183377077,0.137016658231861,-0.12451364896807118,0.9621282778397591,0.8270571130343405,-0.7231747682343183,-0.7380148735136389,1.0657901286544558
0.029320139350237445,0.6591101800975286,0.137016658231861,-2.019286568047418,0.9621282778397591,0.8270571130343405,-0.8630423569273469,-1.14972224636951,1.0657901286544558
-1.2642154202190485,0.6591101800975286,0.137016658231861,1.7702592701112758,-0.7028650336258314,-0.2391306938239252,-0.17683918701967075,-0.2439660260865934,-0.9532980717734716
-0.05691556462104829,0.6591101800975286,1.6839789285915827,-0.12451364896807118,-0.7028650336258314,0.8270571130343405,0.1785096867918056,-0.2439660260865934,0.561018078547474
0.6329700671492376,0.6591101800975286,-1.4099456121278608,-0.12451364896807118,-0.7028650336258314,0.8270571130343405,-0.6191615614143756,-0.2439660260865934,0.561018078547474
0.8054414750918091,-1.5171970183377077,-1.4099456121278608,-0.12451364896807118,0.9621282778397591,0.8270571130343405,0.19803435018804058,1.2381805161945432,1.0657901286544558
1.0641485870056662,0.6591101800975286,0.137016658231861,-0.12451364896807118,0.1296316221069638,-1.3053185006821908,-0.7061350619976041,-0.9850392972271617,1.5705621787614377
-0.6605654924200485,0.6591101800975286,0.137016658231861,1.7702592701112758,-0.7028650336258314,-0.2391306938239252,0.1206456843629638,-0.7380148735136389,0.561018078547474
-1.0055083083051914,0.6591101800975286,0.137016658231861,-0.12451364896807118,-0.7028650336258314,0.8270571130343405,-0.5243781954726531,-0.2439660260865934,1.0657901286544558
-0.05691556462104829,0.6591101800975286,0.137016658231861,-2.019286568047418,-0.7028650336258314,-1.3053185006821908,0.03864209809877695,-0.7380148735136389,-0.9532980717734716
-1.1779797162477628,-1.5171970183377077,0.137016658231861,-0.12451364896807118,-0.7028650336258314,-0.2391306938239252,-0.570527399863754,-0.9850392972271617,1.0657901286544558
-0.8330369003626199,0.6591101800975286,0.137016658231861,-0.12451364896807118,-0.7028650336258314,-1.3053185006821908,-0.8939268244813913,-0.7380148735136389,-0.9532980717734716
-0.7468011963913341,-1.5171970183377077,0.137016658231861,-0.12451364896807118,-0.7028650336258314,-0.2391306938239252,-0.7036501048380832,-0.2439660260865934,0.561018078547474
3.3062768902590953,-1.5171970183377077,1.6839789285915827,-2.019286568047418,-0.7028650336258314,-0.2391306938239252,0.6573964308194595,-0.9850392972271617,-0.9532980717734716
0.2017915472928089,0.6591101800975286,0.137016658231861,-2.019286568047418,-0.7028650336258314,1.8932449198926062,-0.8271879750542609,0.2500828213404521,-0.9532980717734716
1.5815628108333808,0.6591101800975286,0.137016658231861,-0.12451364896807118,-0.7028650336258314,-1.3053185006821908,-0.6631808025258872,-0.7380148735136389,-0.9532980717734716
0.3742629552353804,0.6591101800975286,1.6839789285915827,-0.12451364896807118,-0.7028650336258314,-0.2391306938239252,1.4543576912657776,-0.2439660260865934,0.561018078547474
-0.3156226765349055,0.6591101800975286,0.137016658231861,-0.12451364896807118,-0.7028650336258314,0.8270571130343405,-0.20594868517405743,-0.9850392972271617,1.0657901286544558
-0.5743297884487627,0.6591101800975286,0.137016658231861,1.7702592701112758,0.9621282778397591,0.8270571130343405,1.3805189642400164,1.7322293636215886,1.0657901286544558
1.5815628108333808,0.6591101800975286,0.137016658231861,-0.12451364896807118,0.9621282778397591,0.8270571130343405,-0.3628559801038002,0.2500828213404521,-0.9532980717734716
0.2880272512640947,0.6591101800975286,0.137016658231861,-0.12451364896807118,-0.7028650336258314,0.8270571130343405,-0.6404611942102683,-0.2439660260865934,1.0657901286544558
-0.5743297884487627,-1.5171970183377077,0.137016658231861,-0.12451364896807118,-0.7028650336258314,-1.3053185006821908,-0.4913637646390195,-0.7380148735136389,-0.9532980717734716
0.029320139350237445,0.6591101800975286,1.6839789285915827,-2.019286568047418,-0.7028650336258314,-1.3053185006821908,-0.4988186361175819,-1.2320637209406844,0.561018078547474
2.443919850546238,0.6591101800975286,-1.4099456121278608,1.7702592701112758,-0.7028650336258314,-1.3053185006821908,-0.31706176959263094,0.2500828213404521,1.0657901286544558
-0.7468011963913341,0.6591101800975286,1.6839789285915827,-0.12451364896807118,-0.7028650336258314,0.8270571130343405,1.0780641785383402,0.2500828213404521,2.0753342288684196
0.7192057711205233,0.6591101800975286,0.137016658231861,-0.12451364896807118,1.7946249335725544,0.8270571130343405,-0.3202567145120149,0.2500828213404521,-1.4580701218804535
-0.6605654924200485,-1.5171970183377077,0.137016658231861,-0.12451364896807118,1.7946249335725544,0.8270571130343405,-0.6748956005636281,0.2500828213404521,1.0657901286544558
-0.6605654924200485,0.6591101800975286,0.137016658231861,1.7702592701112758,-0.7028650336258314,-1.3053185006821908,1.0372398823462126,-0.7380148735136389,1.0657901286544558
-0.05691556462104829,0.6591101800975286,1.6839789285915827,1.7702592701112758,-0.7028650336258314,-0.2391306938239252,1.3031302984149395,1.2381805161945432,-0.9532980717734716
1.2366199949482377,0.6591101800975286,0.137016658231861,-0.12451364896807118,-0.7028650336258314,0.8270571130343405,-0.6046068123371823,-0.7380148735136389,0.561018078547474
-0.6605654924200485,0.6591101800975286,0.137016658231861,-0.12451364896807118,1.7946249335725544,1.8932449198926062,-0.8300279260937132,-0.7380148735136389,-0.9532980717734716
2.185212738632381,0.6591101800975286,-1.4099456121278608,-0.12451364896807118,-0.7028650336258314,0.8270571130343405,-0.717849860035345,-0.7380148735136389,-0.9532980717734716
0.6329700671492376,0.6591101800975286,0.137016658231861,1.7702592701112758,-0.7028650336258314,-1.3053185006821908,-0.23150824452912866,-0.4086489752289419,-0.9532980717734716
-0.4018583805061912,-1.5171970183377077,-1.4099456121278608,-0.12451364896807118,-0.7028650336258314,0.8270571130343405,-0.547097803788272,-0.7380148735136389,0.561018078547474
0.4604986592066661,0.6591101800975286,0.137016658231861,-0.12451364896807118,0.9621282778397591,0.8270571130343405,-0.04158651876575218,0.0030583976269293474,1.0657901286544558
0.029320139350237445,0.6591101800975286,0.137016658231861,-0.12451364896807118,0.9621282778397591,0.8270571130343405,1.0745142397390248,1.2381805161945432,-1.4580701218804535
-0.14315126859233404,0.6591101800975286,-1.4099456121278608,-0.12451364896807118,-0.7028650336258314,1.8932449198926062,-0.14666470722548944,-0.2439660260865934,0.561018078547474
1.2366199949482377,0.6591101800975286,0.137016658231861,-0.12451364896807118,2.6271215893053497,0.8270571130343405,0.17744470515201097,0.2500828213404521,0.561018078547474
0.5467343631779519,0.6591101800975286,0.137016658231861,-2.019286568047418,0.9621282778397591,0.8270571130343405,2.5559037006933614,1.2381805161945432,-0.9532980717734716
0.3742629552353804,0.6591101800975286,-1.4099456121278608,-0.12451364896807118,0.9621282778397591,-1.3053185006821908,-0.5786922591021795,0.0030583976269293474,-0.9532980717734716
-1.2642154202190485,-1.5171970183377077,0.137016658231861,1.7702592701112758,0.9621282778397591,0.8270571130343405,-0.7636440705465143,-0.2439660260865934,1.0657901286544558
-0.05691556462104829,0.6591101800975286,0.137016658231861,-0.12451364896807118,0.9621282778397591,-0.2391306938239252,0.2480884872583884,0.0030583976269293474,0.561018078547474
2.702626962460095,-1.5171970183377077,1.6839789285915827,-0.12451364896807118,-0.7028650336258314,-0.2391306938239252,-0.7377295173115116,-0.9850392972271617,0.05624602844049215
-0.8330369003626199,0.6591101800975286,0.137016658231861,-0.12451364896807118,-0.7028650336258314,0.8270571130343405,-0.7813937645430916,-0.7380148735136389,-1.4580701218804535
0.2880272512640947,-1.5171970183377077,-1.4099456121278608,-0.12451364896807118,0.9621282778397591,-0.2391306938239252,-0.832512883253234,-1.2320637209406844,0.05624602844049215
-0.488094084477477,0.6591101800975286,0.137016658231861,-0.12451364896807118,0.1296316221069638,-0.2391306938239252,0.9190269203290081,-0.2439660260865934,-0.9532980717734716
-0.14315126859233404,0.6591101800975286,0.137016658231861,-2.019286568047418,0.9621282778397591,0.8270571130343405,1.1536778749637593,3.214375905902725,-0.9532980717734716
-1.0917440122764772,-1.5171970183377077,-1.4099456121278608,1.7702592701112758,-0.7028650336258314,-1.3053185006821908,1.0478896987441588,1.2381805161945432,0.561018078547474
1.495327106862095,0.6591101800975286,1.6839789285915827,-2.019286568047418,-0.7028650336258314,-1.3053185006821908,1.628659686312166,-0.7380148735136389,0.561018078547474
-0.14315126859233404,-1.5171970183377077,0.137016658231861,-0.12451364896807118,2.6271215893053497,0.8270571130343405,-0.622001512453828,0.2500828213404521,-0.9532980717734716
0.9779128830343805,0.6591101800975286,-1.4099456121278608,-0.12451364896807118,-0.7028650336258314,-1.3053185006821908,-0.7313396274727437,-0.2439660260865934,-0.4485260216664897
2.185212738632381,0.6591101800975286,0.137016658231861,-2.019286568047418,0.9621282778397591,-0.2391306938239252,-0.7235297621142498,-0.2439660260865934,0.05624602844049215
0.9779128830343805,0.6591101800975286,1.6839789285915827,-0.12451364896807118,-0.7028650336258314,-0.2391306938239252,-0.7341795785121961,-1.2320637209406844,-0.9532980717734716
1.3228556989195235,0.6591101800975286,0.137016658231861,-0.12451364896807118,0.9621282778397591,0.8270571130343405,0.023022367381788977,1.2381805161945432,1.0657901286544558
-0.05691556462104829,0.6591101800975286,0.137016658231861,-2.019286568047418,0.9621282778397591,0.8270571130343405,1.9811686090841902,2.226278211048634,-0.9532980717734716
0.2880272512640947,0.6591101800975286,-1.4099456121278608,-0.12451364896807118,-0.7028650336258314,0.8270571130343405,1.402528584795772,-0.8203563480848132,-0.9532980717734716
-0.22938697256361976,-1.5171970183377077,1.6839789285915827,-0.12451364896807118,-0.7028650336258314,1.8932449198926062,-0.6401062003303367,-0.7380148735136389,0.561018078547474
-0.3156226765349055,0.6591101800975286,0.137016658231861,-0.12451364896807118,0.9621282778397591,0.8270571130343405,-0.2183734709716615,-0.2439660260865934,-0.9532980717734716
-0.8330369003626199,0.6591101800975286,0.137016658231861,-0.12451364896807118,-0.7028650336258314,-0.2391306938239252,-0.6578558943269139,-0.7380148735136389,-0.4485260216664897
0.2880272512640947,0.6591101800975286,-1.4099456121278608,-0.12451364896807118,-0.7028650336258314,-1.3053185006821908,0.042902024657955486,-1.067380771798336,-0.9532980717734716
0.5467343631779519,0.6591101800975286,-1.4099456121278608,-0.12451364896807118,-0.7028650336258314,0.8270571130343405,-0.6468510840490361,-1.3967466700830329,-0.9532980717734716
-0.7468011963913341,-1.5171970183377077,-1.4099456121278608,-0.12451364896807118,-0.7028650336258314,-1.3053185006821908,0.12987552524118395,-0.49099044980011614,0.561018078547474
0.029320139350237445,0.6591101800975286,1.6839789285915827,1.7702592701112758,0.9621282778397591,-0.2391306938239252,1.341824631327478,-0.0792830769442449,-0.9532980717734716
-0.3156226765349055,0.6591101800975286,1.6839789285915827,-0.12451364896807118,-0.7028650336258314,-1.3053185006821908,-0.49597868507812953,-0.2439660260865934,1.0657901286544558
-0.488094084477477,0.6591101800975286,0.137016658231861,-0.12451364896807118,-0.7028650336258314,-1.3053185006821908,-0.41042516001462725,-0.7380148735136389,-0.9532980717734716
0.4604986592066661,0.6591101800975286,-1.4099456121278608,-0.12451364896807118,-0.7028650336258314,-0.2391306938239252,-0.848132613970222,-0.7380148735136389,-0.9532980717734716
-1.0055083083051914,0.6591101800975286,-1.4099456121278608,-0.12451364896807118,-0.7028650336258314,-1.3053185006821908,-0.543192871109025,0.2500828213404521,0.561018078547474
-1.0917440122764772,-1.5171970183377077,0.137016658231861,-0.12451364896807118,0.1296316221069638,0.8270571130343405,0.07485147385179453,0.2500828213404521,-0.9532980717734716
0.2017915472928089,-1.5171970183377077,1.6839789285915827,-2.019286568047418,-0.7028650336258314,-0.2391306938239252,3.443033406642292,-0.2439660260865934,-0.9532980717734716
0.11555584332152317,-1.5171970183377077,0.137016658231861,-0.12451364896807118,-0.7028650336258314,0.8270571130343405,-0.44556955412785015,0.2500828213404521,-0.9532980717734716
0.2017915472928089,0.6591101800975286,0.137016658231861,-0.12451364896807118,0.9621282778397591,-0.2391306938239252,-0.895701793881049,-0.7380148735136389,0.05624602844049215
-1.0055083083051914,0.6591101800975286,0.137016658231861,1.7702592701112758,-0.7028650336258314,-0.2391306938239252,-0.3387163962684552,1.2381805161945432,1.0657901286544558
-0.9192726043339057,-1.5171970183377077,0.137016658231861,-0.12451364896807118,-0.7028650336258314,-0.2391306938239252,-0.7352445601519908,-0.9850392972271617,1.0657901286544558
2.3576841465749525,0.6591101800975286,0.137016658231861,-0.12451364896807118,-0.7028650336258314,-1.3053185006821908,1.2633709838626066,3.214375905902725,-1.4580701218804535
-0.488094084477477,0.6591101800975286,0.137016658231861,-2.019286568047418,1.7946249335725544,-1.3053185006821908,0.02550732454130979,0.2500828213404521,0.561018078547474
1.6677985148046663,0.6591101800975286,0.137016658231861,-2.019286568047418,2.6271215893053497,0.8270571130343405,-0.6113516960558816,-0.7380148735136389,1.5705621787614377
-1.0055083083051914,-1.5171970183377077,-2.9569078824875827,1.7702592701112758,0.9621282778397591,-0.2391306938239252,1.489147091499069,-0.7380148735136389,-0.9532980717734716
-0.4018583805061912,-1.5171970183377077,0.137016658231861,-0.12451364896807118,0.1296316221069638,0.8270571130343405,-0.6195165552943072,-0.49099044980011614,0.05624602844049215
0.5467343631779519,0.6591101800975286,1.6839789285915827,-0.12451364896807118,0.1296316221069638,-0.2391306938239252,1.7071133337770377,1.2381805161945432,-0.9532980717734716
0.6329700671492376,0.6591101800975286,-1.4099456121278608,-0.12451364896807118,-0.7028650336258314,0.8270571130343405,1.461102574984477,0.2500828213404521,-0.9532980717734716
-1.0055083083051914,0.6591101800975286,0.137016658231861,-2.019286568047418,-0.7028650336258314,-1.3053185006821908,0.4713796377353301,2.226278211048634,-0.9532980717734716
2.3576841465749525,0.6591101800975286,0.137016658231861,-2.019286568047418,-0.7028650336258314,1.8932449198926062,-0.8861169591228973,-0.9026978226559874,-0.9532980717734716
-0.4018583805061912,0.6591101800975286,0.137016658231861,-0.12451364896807118,-0.7028650336258314,0.8270571130343405,-0.6805755026425329,-0.49099044980011614,1.0657901286544558
-1.0917440122764772,-1.5171970183377077,0.137016658231861,-0.12451364896807118,-0.7028650336258314,0.8270571130343405,-0.4736140706424422,-0.2439660260865934,1.5705621787614377
-0.05691556462104829,-1.5171970183377077,0.137016658231861,-0.12451364896807118,2.6271215893053497,0.8270571130343405,-0.5982169224984144,-0.7380148735136389,0.561018078547474
0.9779128830343805,0.6591101800975286,0.137016658231861,-0.12451364896807118,1.7946249335725544,0.8270571130343405,-0.7327596029924699,-0.49099044980011614,1.0657901286544558
1.2366199949482377,0.6591101800975286,0.137016658231861,-0.12451364896807118,-0.7028650336258314,-1.3053185006821908,0.7156154271282329,0.49710724505397486,-1.4580701218804535
-0.7468011963913341,-1.5171970183377077,-2.9569078824875827,-0.12451364896807118,-0.7028650336258314,-1.3053185006821908,-0.8971217694007751,-0.2439660260865934,0.05624602844049215
-0.05691556462104829,0.6591101800975286,-2.9569078824875827,-0.12451364896807118,0.9621282778397591,-0.2391306938239252,-0.6134816593354708,-0.9850392972271617,-0.9532980717734716
2.0127413306898094,0.6591101800975286,0.137016658231861,-0.12451364896807118,-0.7028650336258314,-1.3053185006821908,-0.6791555271228067,-0.9850392972271617,1.0657901286544558
-0.488094084477477,0.6591101800975286,0.137016658231861,-2.019286568047418,0.1296316221069638,-0.2391306938239252,-0.14737469498535252,1.2381805161945432,-0.9532980717734716
-0.6605654924200485,0.6591101800975286,0.137016658231861,-0.12451364896807118,-0.7028650336258314,0.8270571130343405,0.11283581900446982,1.2381805161945432,1.0657901286544558
1.8402699227472379,-1.5171970183377077,0.137016658231861,1.7702592701112758,2.6271215893053497,-1.3053185006821908,0.12242065376262153,0.7441316687674976,0.561018078547474
3.3925125942303813,-1.5171970183377077,1.6839789285915827,-0.12451364896807118,0.9621282778397591,-1.3053185006821908,-0.6756055883234913,-1.2320637209406844,-0.9532980717734716
-0.8330369003626199,0.6591101800975286,-1.4099456121278608,-0.12451364896807118,-0.7028650336258314,-0.2391306938239252,-0.9414960043922183,-0.7380148735136389,1.0657901286544558
-1.0917440122764772,-1.5171970183377077,0.137016658231861,-0.12451364896807118,-0.7028650336258314,1.8932449198926062,-0.7107499824367142,-0.9026978226559874,0.561018078547474
1.2366199949482377,-1.5171970183377077,0.137016658231861,-2.019286568047418,0.1296316221069638,-0.2391306938239252,-0.21517852605227758,1.2381805161945432,1.0657901286544558
1.9265056267185237,-1.5171970183377077,-1.4099456121278608,-0.12451364896807118,-0.7028650336258314,-1.3053185006821908,-0.5403529200695727,0.2500828213404521,2.0753342288684196
0.3742629552353804,0.6591101800975286,0.137016658231861,1.7702592701112758,0.9621282778397591,0.8270571130343405,1.6141049372349727,0.5794487196251491,-0.9532980717734716
-1.0055083083051914,0.6591101800975286,0.137016658231861,-0.12451364896807118,0.9621282778397591,-0.2391306938239252,-0.4427296030883978,-0.9850392972271617,0.561018078547474
-0.14315126859233404,0.6591101800975286,-1.4099456121278608,-2.019286568047418,0.1296316221069638,-0.2391306938239252,0.20122929510742446,2.226278211048634,-1.4580701218804535
-0.3156226765349055,0.6591101800975286,0.137016658231861,-0.12451364896807118,0.1296316221069638,0.8270571130343405,-0.15234460930439417,-0.9026978226559874,-0.9532980717734716
0.4604986592066661,0.6591101800975286,0.137016658231861,-0.12451364896807118,0.9621282778397591,-0.2391306938239252,0.24915346889818302,2.226278211048634,1.0657901286544558
-0.9192726043339057,-1.5171970183377077,0.137016658231861,-0.12451364896807118,-0.7028650336258314,-1.3053185006821908,0.08230634533035697,-0.2439660260865934,1.0657901286544558
-0.9192726043339057,0.6591101800975286,0.137016658231861,-0.12451364896807118,-0.7028650336258314,0.8270571130343405,-0.7167848783955504,0.2500828213404521,-1.4580701218804535
-0.488094084477477,0.6591101800975286,0.137016658231861,-0.12451364896807118,-0.7028650336258314,-0.2391306938239252,1.6645140681852522,0.4147657704828006,-0.9532980717734716
-0.7468011963913341,0.6591101800975286,0.137016658231861,1.7702592701112758,0.9621282778397591,0.8270571130343405,1.6694839825042938,1.2381805161945432,-1.4580701218804535
-0.4018583805061912,-1.5171970183377077,0.137016658231861,-0.12451364896807118,-0.7028650336258314,-1.3053185006821908,1.235681461227946,2.226278211048634,1.0657901286544558
-0.22938697256361976,-1.5171970183377077,0.137016658231861,-0.12451364896807118,-0.7028650336258314,0.8270571130343405,-0.1583795052632304,0.7441316687674976,1.0657901286544558
-1.3504511241903343,-1.5171970183377077,0.137016658231861,1.7702592701112758,-0.7028650336258314,-1.3053185006821908,-0.7082650252771934,-0.7380148735136389,0.561018078547474
-1.0055083083051914,-1.5171970183377077,-1.4099456121278608,-0.12451364896807118,-0.7028650336258314,-1.3053185006821908,-0.7274346947934968,-0.7380148735136389,-0.9532980717734716
-0.4018583805061912,0.6591101800975286,0.137016658231861,-0.12451364896807118,-0.7028650336258314,-0.2391306938239252,-0.4764540216818946,0.2500828213404521,-1.4580701218804535
0.11555584332152317,0.6591101800975286,0.137016658231861,-0.12451364896807118,-0.7028650336258314,-1.3053185006821908,0.12171066600275844,1.2381805161945432,0.561018078547474
-0.9192726043339057,0.6591101800975286,0.137016658231861,-0.12451364896807118,0.1296316221069638,0.8270571130343405,0.7930040929533096,0.2500828213404521,0.561018078547474
-1.0917440122764772,-1.5171970183377077,0.137016658231861,-0.12451364896807118,-0.7028650336258314,-1.3053185006821908,-0.6315863472119797,-0.7380148735136389,1.0657901286544558
2.3576841465749525,0.6591101800975286,0.137016658231861,-0.12451364896807118,-0.7028650336258314,-1.3053185006821908,-0.11365027639185578,0.2500828213404521,-0.9532980717734716
-0.7468011963913341,0.6591101800975286,0.137016658231861,-0.12451364896807118,0.1296316221069638,0.8270571130343405,-0.28901725307803894,0.2500828213404521,-0.9532980717734716
-0.4018583805061912,0.6591101800975286,0.137016658231861,-0.12451364896807118,-0.7028650336258314,-1.3053185006821908,-0.18855398505741172,1.2381805161945432,0.561018078547474
3.3062768902590953,0.6591101800975286,-2.9569078824875827,-0.12451364896807118,-0.7028650336258314,1.8932449198926062,-0.702230129318357,-1.2320637209406844,-0.9532980717734716
-0.9192726043339057,0.6591101800975286,-1.4099456121278608,-0.12451364896807118,-0.7028650336258314,-1.3053185006821908,-0.7593841439873358,-0.9850392972271617,1.0657901286544558
0.3742629552353804,0.6591101800975286,1.6839789285915827,-0.12451364896807118,0.9621282778397591,-1.3053185006821908,-0.4615442787247697,1.2381805161945432,0.05624602844049215
-1.2642154202190485,-1.5171970183377077,0.137016658231861,1.7702592701112758,-0.7028650336258314,-1.3053185006821908,-0.7909785993012433,-0.2439660260865934,0.561018078547474
-0.7468011963913341,0.6591101800975286,0.137016658231861,-0.12451364896807118,0.1296316221069638,-0.2391306938239252,0.46108481521731526,1.9792537873351113,-0.9532980717734716
0.6329700671492376,0.6591101800975286,-1.4099456121278608,-0.12451364896807118,-0.7028650336258314,-1.3053185006821908,-0.6862554047214375,-0.7380148735136389,-0.9532980717734716
1.6677985148046663,0.6591101800975286,1.6839789285915827,-2.019286568047418,-0.7028650336258314,-0.2391306938239252,2.1320410080550967,1.7322293636215886,-0.9532980717734716
1.4090914028908093,-1.5171970183377077,1.6839789285915827,-2.019286568047418,0.9621282778397591,0.8270571130343405,-0.4061652334554487,-0.7380148735136389,-0.9532980717734716
0.11555584332152317,0.6591101800975286,-1.4099456121278608,-0.12451364896807118,-0.7028650336258314,-0.2391306938239252,-0.48106894212100465,-0.7380148735136389,0.561018078547474
1.150384290976952,0.6591101800975286,0.137016658231861,-0.12451364896807118,-0.7028650336258314,-1.3053185006821908,-0.7948835319804902,-0.9026978226559874,-0.9532980717734716
-0.6605654924200485,0.6591101800975286,0.137016658231861,-0.12451364896807118,-0.7028650336258314,0.8270571130343405,-0.7199798233149343,0.2500828213404521,-0.9532980717734716
-1.0917440122764772,-1.5171970183377077,-1.4099456121278608,-0.12451364896807118,-0.7028650336258314,-0.2391306938239252,-0.41752503761325815,-0.6556733989424647,1.0657901286544558
-0.6605654924200485,0.6591101800975286,-1.4099456121278608,-0.12451364896807118,-0.7028650336258314,-0.2391306938239252,-0.9915501414625661,-1.2320637209406844,1.0657901286544558
0.2017915472928089,-1.5171970183377077,-2.9569078824875827,-0.12451364896807118,-0.7028650336258314,0.8270571130343405,-0.8346428465328233,-0.7380148735136389,-0.9532980717734716
2.185212738632381,-1.5171970183377077,0.137016658231861,-0.12451364896807118,0.9621282778397591,0.8270571130343405,-0.44911949292716563,-0.7380148735136389,0.05624602844049215
0.2880272512640947,-1.5171970183377077,0.137016658231861,-0.12451364896807118,-0.7028650336258314,-0.2391306938239252,-0.7416344499907586,0.0030583976269293474,-1.4580701218804535
-0.14315126859233404,0.6591101800975286,1.6839789285915827,-0.12451364896807118,-0.7028650336258314,1.8932449198926062,-0.6887403618809583,-0.9850392972271617,1.0657901286544558
-0.4018583805061912,0.6591101800975286,0.137016658231861,-0.12451364896807118,0.9621282778397591,-1.3053185006821908,1.0908439582158758,0.7441316687674976,0.561018078547474
-0.14315126859233404,0.6591101800975286,0.137016658231861,-0.12451364896807118,2.6271215893053497,-0.2391306938239252,0.07769142489124688,0.7441316687674976,0.561018078547474
1.8402699227472379,0.6591101800975286,-1.4099456121278608,-0.12451364896807118,-0.7028650336258314,-1.3053185006821908,-0.9116765184779685,-0.7380148735136389,1.0657901286544558
-0.488094084477477,-1.5171970183377077,0.137016658231861,-0.12451364896807118,0.9621282778397591,-1.3053185006821908,1.5775405676020238,0.2500828213404521,0.561018078547474
-0.7468011963913341,0.6591101800975286,-1.4099456121278608,-0.12451364896807118,0.9621282778397591,-0.2391306938239252,1.4699774219827657,3.214375905902725,1.0657901286544558
-0.7468011963913341,0.6591101800975286,-2.9569078824875827,-0.12451364896807118,2.6271215893053497,1.8932449198926062,-0.9116765184779685,-1.2320637209406844,-0.9532980717734716
-0.7468011963913341,-1.5171970183377077,0.137016658231861,1.7702592701112758,0.1296316221069638,-0.2391306938239252,-0.8257679995345347,-0.7380148735136389,0.561018078547474
-0.14315126859233404,0.6591101800975286,-1.4099456121278608,-0.12451364896807118,0.1296316221069638,0.8270571130343405,-0.60638178173684,-0.49099044980011614,1.0657901286544558
-0.7468011963913341,0.6591101800975286,0.137016658231861,-0.12451364896807118,0.9621282778397591,-0.2391306938239252,0.15401510907652902,1.2381805161945432,0.05624602844049215
-0.3156226765349055,0.6591101800975286,-1.4099456121278608,-0.12451364896807118,2.6271215893053497,0.8270571130343405,0.44333512122073804,0.49710724505397486,0.561018078547474
-0.8330369003626199,0.6591101800975286,0.137016658231861,-0.12451364896807118,-0.7028650336258314,0.8270571130343405,-0.47680901556182614,-0.7380148735136389,1.0657901286544558
0.7192057711205233,0.6591101800975286,0.137016658231861,-0.12451364896807118,-0.7028650336258314,-1.3053185006821908,-0.6120616838157447,-0.2439660260865934,0.561018078547474
-1.2642154202190485,0.6591101800975286,0.137016658231861,-0.12451364896807118,-0.7028650336258314,0.8270571130343405,4.3933520232190375,3.214375905902725,1.0657901286544558
0.2880272512640947,-1.5171970183377077,-1.4099456121278608,-0.12451364896807118,2.6271215893053497,-1.3053185006821908,-0.9269412553150249,-1.2320637209406844,-0.9532980717734716
0.2880272512640947,-1.5171970183377077,0.137016658231861,-0.12451364896807118,-0.7028650336258314,-1.3053185006821908,-0.8580724426083053,-1.2320637209406844,-0.9532980717734716
-0.8330369003626199,-1.5171970183377077,0.137016658231861,-0.12451364896807118,-0.7028650336258314,1.8932449198926062,0.16750487651392773,0.2500828213404521,0.561018078547474
-1.3504511241903343,0.6591101800975286,0.137016658231861,-0.12451364896807118,0.1296316221069638,-1.3053185006821908,-0.9241013042755726,-0.7380148735136389,1.0657901286544558
-0.5743297884487627,0.6591101800975286,1.6839789285915827,1.7702592701112758,0.1296316221069638,-0.2391306938239252,2.043647531952142,1.2381805161945432,0.561018078547474
-0.6605654924200485,0.6591101800975286,1.6839789285915827,-0.12451364896807118,-0.7028650336258314,-0.2391306938239252,0.34500181647970013,0.7441316687674976,-0.9532980717734716
1.2366199949482377,0.6591101800975286,0.137016658231861,-0.12451364896807118,-0.7028650336258314,0.8270571130343405,-0.6099317205361554,0.2500828213404521,-1.4580701218804535
0.6329700671492376,0.6591101800975286,0.137016658231861,1.7702592701112758,-0.7028650336258314,-1.3053185006821908,0.5558681811590377,-0.7380148735136389,-0.9532980717734716
0.8054414750918091,0.6591101800975286,1.6839789285915827,-0.12451364896807118,0.9621282778397591,0.8270571130343405,0.08869623516912477,-0.7380148735136389,-0.9532980717734716
0.5467343631779519,0.6591101800975286,0.137016658231861,-0.12451364896807118,-0.7028650336258314,-1.3053185006821908,0.3109224040062718,-0.2439660260865934,0.561018078547474
0.5467343631779519,0.6591101800975286,0.137016658231861,-0.12451364896807118,1.7946249335725544,0.8270571130343405,-0.9780603740251674,-0.7380148735136389,1.0657901286544558
-0.7468011963913341,0.6591101800975286,-1.4099456121278608,-0.12451364896807118,-0.7028650336258314,0.8270571130343405,-0.8307379138535763,0.2500828213404521,0.05624602844049215
-1.3504511241903343,-1.5171970183377077,0.137016658231861,1.7702592701112758,2.6271215893053497,0.8270571130343405,-0.032356677887532014,-0.49099044980011614,-0.9532980717734716
1.9265056267185237,-1.5171970183377077,-1.4099456121278608,-2.019286568047418,-0.7028650336258314,-1.3053185006821908,1.017360225070046,2.226278211048634,-0.9532980717734716
0.3742629552353804,0.6591101800975286,-1.4099456121278608,-0.12451364896807118,-0.7028650336258314,-1.3053185006821908,-0.9145164695174208,-0.7380148735136389,1.0657901286544558
-0.7468011963913341,-1.5171970183377077,0.137016658231861,-0.12451364896807118,-0.7028650336258314,0.8270571130343405,-0.6489810473286254,-0.9850392972271617,-1.4580701218804535
-0.4018583805061912,0.6591101800975286,0.137016658231861,-0.12451364896807118,0.1296316221069638,-0.2391306938239252,1.0191351944697038,-0.0792830769442449,-0.9532980717734716
-0.8330369003626199,0.6591101800975286,0.137016658231861,-0.12451364896807118,-0.7028650336258314,-0.2391306938239252,-0.8413877302515227,-1.067380771798336,-1.4580701218804535
-1.0917440122764772,-1.5171970183377077,-2.9569078824875827,1.7702592701112758,1.7946249335725544,-1.3053185006821908,-0.6834154536819852,-1.2320637209406844,-0.9532980717734716
-0.6605654924200485,0.6591101800975286,-1.4099456121278608,1.7702592701112758,-0.7028650336258314,-0.2391306938239252,1.0588945090220367,-0.2439660260865934,-0.9532980717734716
0.029320139350237445,0.6591101800975286,0.137016658231861,-0.12451364896807118,2.6271215893053497,1.8932449198926062,-0.7107499824367142,0.2500828213404521,-1.4580701218804535
1.150384290976952,0.6591101800975286,0.137016658231861,-0.12451364896807118,-0.7028650336258314,-0.2391306938239252,1.813611497756501,0.7441316687674976,0.561018078547474
0.4604986592066661,0.6591101800975286,0.137016658231861,-0.12451364896807118,-0.7028650336258314,1.8932449198926062,-0.41220012941428497,-1.2320637209406844,0.561018078547474
-1.0055083083051914,0.6591101800975286,0.137016658231861,-0.12451364896807118,-0.7028650336258314,-1.3053185006821908,-0.4019053068962702,1.2381805161945432,-1.4580701218804535
1.8402699227472379,0.6591101800975286,1.6839789285915827,-2.019286568047418,-0.7028650336258314,-0.2391306938239252,3.919435193510425,1.2381805161945432,-0.9532980717734716
0.029320139350237445,0.6591101800975286,0.137016658231861,-0.12451364896807118,-0.7028650336258314,0.8270571130343405,0.31518233056545036,-0.2439660260865934,-1.4580701218804535
1.3228556989195235,0.6591101800975286,-1.4099456121278608,-2.019286568047418,1.7946249335725544,0.8270571130343405,-0.2733975223610509,-0.9850392972271617,-0.9532980717734716
-1.1779797162477628,0.6591101800975286,0.137016658231861,-0.12451364896807118,-0.7028650336258314,0.8270571130343405,-0.6386862248106105,-0.9850392972271617,1.0657901286544558
-0.9192726043339057,0.6591101800975286,0.137016658231861,-0.12451364896807118,-0.7028650336258314,1.8932449198926062,0.6655612900578851,0.2500828213404521,1.0657901286544558
0.11555584332152317,-1.5171970183377077,0.137016658231861,1.7702592701112758,-0.7028650336258314,-1.3053185006821908,1.564760787924488,2.226278211048634,-1.4580701218804535
2.098977034661095,0.6591101800975286,0.137016658231861,-0.12451364896807118,-0.7028650336258314,-1.3053185006821908,-0.36605092502318415,-0.7380148735136389,0.561018078547474
-0.9192726043339057,-1.5171970183377077,0.137016658231861,1.7702592701112758,-0.7028650336258314,-1.3053185006821908,-0.49526869731826645,-0.2439660260865934,1.0657901286544558
-0.9192726043339057,0.6591101800975286,0.137016658231861,-0.12451364896807118,0.9621282778397591,-1.3053185006821908,1.7021434194579959,0.7441316687674976,-1.4580701218804535
-0.9192726043339057,-1.5171970183377077,0.137016658231861,-0.12451364896807118,-0.7028650336258314,0.8270571130343405,1.6251097475128506,1.2381805161945432,-0.9532980717734716
1.5815628108333808,-1.5171970183377077,0.137016658231861,1.7702592701112758,-0.7028650336258314,-0.2391306938239252,1.4749473363018073,1.2381805161945432,-0.9532980717734716
-0.9192726043339057,-1.5171970183377077,0.137016658231861,-0.12451364896807118,-0.7028650336258314,-1.3053185006821908,-0.5119534096750491,0.0030583976269293474,1.0657901286544558
-0.4018583805061912,0.6591101800975286,-1.4099456121278608,-0.12451364896807118,-0.7028650336258314,-0.2391306938239252,-0.6234214879735541,-0.9026978226559874,0.561018078547474
-0.8330369003626199,0.6591101800975286,0.137016658231861,-0.12451364896807118,-0.7028650336258314,-1.3053185006821908,0.5363435177628028,2.226278211048634,-0.9532980717734716
0.8916771790630948,0.6591101800975286,0.137016658231861,-2.019286568047418,-0.7028650336258314,-1.3053185006821908,0.23211376266146888,2.226278211048634,-0.9532980717734716
1.150384290976952,0.6591101800975286,-1.4099456121278608,-0.12451364896807118,0.9621282778397591,1.8932449198926062,0.13449044568029406,0.7441316687674976,1.0657901286544558
-0.5743297884487627,-1.5171970183377077,0.137016658231861,-0.12451364896807118,-0.7028650336258314,-0.2391306938239252,-0.8229280484950823,-0.9850392972271617,0.561018078547474
1.495327106862095,0.6591101800975286,0.137016658231861,-0.12451364896807118,0.9621282778397591,0.8270571130343405,-0.30286201439536914,0.2500828213404521,1.0657901286544558
-0.3156226765349055,0.6591101800975286,0.137016658231861,1.7702592701112758,1.7946249335725544,0.8270571130343405,-0.07637591899904357,0.2500828213404521,0.561018078547474
-0.5743297884487627,0.6591101800975286,0.137016658231861,-0.12451364896807118,-0.7028650336258314,0.8270571130343405,-0.18961896669720638,0.5794487196251491,1.0657901286544558
-0.22938697256361976,-1.5171970183377077,-1.4099456121278608,-0.12451364896807118,0.9621282778397591,0.8270571130343405,-0.8804370570439926,-0.7380148735136389,1.0657901286544558
-0.488094084477477,0.6591101800975286,1.6839789285915827,-0.12451364896807118,0.1296316221069638,-1.3053185006821908,-0.3649859433833895,-0.2439660260865934,-0.9532980717734716
-1.3504511241903343,0.6591101800975286,0.137016658231861,1.7702592701112758,-0.7028650336258314,-0.2391306938239252,-0.95569575958948,-0.7380148735136389,1.0657901286544558
-0.14315126859233404,0.6591101800975286,1.6839789285915827,-0.12451364896807118,0.1296316221069638,-0.2391306938239252,1.2683408981816482,-0.49099044980011614,-0.9532980717734716
-0.5743297884487627,0.6591101800975286,0.137016658231861,-0.12451364896807118,-0.7028650336258314,-1.3053185006821908,1.2814756717391154,1.2381805161945432,0.05624602844049215
-0.488094084477477,0.6591101800975286,1.6839789285915827,-0.12451364896807118,-0.7028650336258314,0.8270571130343405,-0.5172783178740222,-0.2439660260865934,-0.9532980717734716
-1.1779797162477628,-1.5171970183377077,0.137016658231861,-0.12451364896807118,0.1296316221069638,-1.3053185006821908,-0.9003167143201591,-0.7380148735136389,-0.4485260216664897
-0.5743297884487627,-1.5171970183377077,-1.4099456121278608,1.7702592701112758,1.7946249335725544,0.8270571130343405,-0.7647090521863089,-0.7380148735136389,0.561018078547474
0.11555584332152317,0.6591101800975286,1.6839789285915827,-0.12451364896807118,0.9621282778397591,1.8932449198926062,0.043257018537887035,-0.7380148735136389,1.0657901286544558
-1.3504511241903343,0.6591101800975286,0.137016658231861,1.7702592701112758,0.9621282778397591,1.8932449198926062,0.1206456843629638,0.2500828213404521,0.561018078547474
-0.7468011963913341,0.6591101800975286,0.137016658231861,-0.12451364896807118,-0.7028650336258314,-1.3053185006821908,0.09757108216741339,0.2500828213404521,0.561018078547474
0.6329700671492376,-1.5171970183377077,-1.4099456121278608,-0.12451364896807118,2.6271215893053497,0.8270571130343405,-0.6251964573732118,0.2500828213404521,1.0657901286544558
-0.05691556462104829,-1.5171970183377077,0.137016658231861,-0.12451364896807118,-0.7028650336258314,-1.3053185006821908,-0.297537106196396,0.2500828213404521,1.0657901286544558
-0.6605654924200485,0.6591101800975286,0.137016658231861,-0.12451364896807118,-0.7028650336258314,-1.3053185006821908,0.7433049497628934,1.2381805161945432,0.561018078547474
-0.05691556462104829,-1.5171970183377077,0.137016658231861,-0.12451364896807118,0.9621282778397591,-1.3053185006821908,-0.6731206311639704,0.2500828213404521,-0.9532980717734716
-0.3156226765349055,0.6591101800975286,0.137016658231861,-0.12451364896807118,0.1296316221069638,-1.3053185006821908,-0.3380064085085921,0.2500828213404521,-0.9532980717734716
0.5467343631779519,0.6591101800975286,0.137016658231861,-0.12451364896807118,-0.7028650336258314,-1.3053185006821908,0.059941730894669636,1.2381805161945432,0.561018078547474
-0.14315126859233404,-1.5171970183377077,1.6839789285915827,1.7702592701112758,-0.7028650336258314,-0.2391306938239252,-0.09235064359596308,-0.7380148735136389,0.561018078547474
-0.3156226765349055,0.6591101800975286,1.6839789285915827,-2.019286568047418,-0.7028650336258314,0.8270571130343405,0.5001341420097852,1.2381805161945432,-0.9532980717734716
0.8916771790630948,0.6591101800975286,0.137016658231861,1.7702592701112758,-0.7028650336258314,-0.2391306938239252,-0.7292096641931545,-0.7380148735136389,-0.9532980717734716
-0.7468011963913341,0.6591101800975286,-1.4099456121278608,-0.12451364896807118,-0.7028650336258314,-0.2391306938239252,-0.7792638012635023,-0.9850392972271617,1.0657901286544558
-1.0917440122764772,-1.5171970183377077,-1.4099456121278608,1.7702592701112758,-0.7028650336258314,0.8270571130343405,-0.9500158575105754,-1.3967466700830329,0.561018078547474
1.2366199949482377,0.6591101800975286,0.137016658231861,-0.12451364896807118,0.9621282778397591,-0.2391306938239252,-0.6177415858946494,-0.49099044980011614,1.0657901286544558
-0.05691556462104829,0.6591101800975286,0.137016658231861,-2.019286568047418,-0.7028650336258314,0.8270571130343405,-0.6411711819701313,-0.49099044980011614,1.0657901286544558
-0.9192726043339057,-1.5171970183377077,0.137016658231861,-0.12451364896807118,-0.7028650336258314,0.8270571130343405,-0.3688908760626365,-0.2439660260865934,1.0657901286544558
-0.6605654924200485,0.6591101800975286,0.137016658231861,-0.12451364896807118,-0.7028650336258314,0.8270571130343405,-0.661760827006161,0.2500828213404521,1.0657901286544558
0.4604986592066661,0.6591101800975286,0.137016658231861,-0.12451364896807118,-0.7028650336258314,-0.2391306938239252,1.0947488908951228,-0.2439660260865934,0.561018078547474
-0.5743297884487627,0.6591101800975286,1.6839789285915827,-2.019286568047418,-0.7028650336258314,-1.3053185006821908,1.1721375567201995,0.2500828213404521,-0.9532980717734716
-0.8330369003626199,-1.5171970183377077,0.137016658231861,-0.12451364896807118,-0.7028650336258314,-0.2391306938239252,2.3723718647687524,2.226278211048634,0.561018078547474
1.5815628108333808,0.6591101800975286,0.137016658231861,-0.12451364896807118,2.6271215893053497,-0.2391306938239252,-0.6954852455996577,-0.7380148735136389,-0.9532980717734716
2.0127413306898094,-1.5171970183377077,0.137016658231861,1.7702592701112758,-0.7028650336258314,-0.2391306938239252,1.1142735542913578,2.226278211048634,-1.4580701218804535
1.150384290976952,0.6591101800975286,0.137016658231861,-0.12451364896807118,0.9621282778397591,0.8270571130343405,-0.33587644522900284,-0.7380148735136389,1.0657901286544558
-0.4018583805061912,0.6591101800975286,1.6839789285915827,-2.019286568047418,0.1296316221069638,-0.2391306938239252,1.528196418291539,2.226278211048634,2.0753342288684196
0.7192057711205233,0.6591101800975286,0.137016658231861,-0.12451364896807118,-0.7028650336258314,-1.3053185006821908,-0.6386862248106105,-0.49099044980011614,0.561018078547474
0.029320139350237445,0.6591101800975286,1.6839789285915827,-0.12451364896807118,0.9621282778397591,0.8270571130343405,-0.7238847559941813,-1.2320637209406844,0.05624602844049215
-1.1779797162477628,0.6591101800975286,0.137016658231861,-0.12451364896807118,2.6271215893053497,-0.2391306938239252,-0.8058883422583681,-0.7380148735136389,-0.9532980717734716
0.11555584332152317,0.6591101800975286,-1.4099456121278608,-0.12451364896807118,-0.7028650336258314,-0.2391306938239252,-0.4114901416544219,-0.9850392972271617,1.0657901286544558
0.9779128830343805,0.6591101800975286,0.137016658231861,-0.12451364896807118,-0.7028650336258314,0.8270571130343405,-0.6688607046047919,-0.7380148735136389,0.05624602844049215
0.2880272512640947,0.6591101800975286,1.6839789285915827,-0.12451364896807118,-0.7028650336258314,0.8270571130343405,1.1291832972484825,-0.2439660260865934,-0.9532980717734716
-0.14315126859233404,0.6591101800975286,0.137016658231861,-0.12451364896807118,0.9621282778397591,-0.2391306938239252,-0.1605094685428197,0.2500828213404521,-1.4580701218804535
-0.5743297884487627,0.6591101800975286,0.137016658231861,-0.12451364896807118,0.9621282778397591,0.8270571130343405,-0.7483793337094579,-0.2439660260865934,1.0657901286544558
0.029320139350237445,0.6591101800975286,-1.4099456121278608,-0.12451364896807118,-0.7028650336258314,-0.2391306938239252,0.3421618654402478,0.2500828213404521,-1.4580701218804535
0.2880272512640947,0.6591101800975286,1.6839789285915827,-2.019286568047418,-0.7028650336258314,-1.3053185006821908,-0.00999206345184469,1.2381805161945432,-0.9532980717734716
-1.0055083083051914,-1.5171970183377077,0.137016658231861,1.7702592701112758,-0.7028650336258314,-1.3053185006821908,-0.40936017837483263,-0.2439660260865934,0.561018078547474
0.7192057711205233,0.6591101800975286,0.137016658231861,-2.019286568047418,-0.7028650336258314,0.8270571130343405,0.7915841174335835,0.2500828213404521,1.5705621787614377
0.6329700671492376,0.6591101800975286,0.137016658231861,-0.12451364896807118,-0.7028650336258314,0.8270571130343405,-0.4764540216818946,-0.7380148735136389,0.561018078547474
-0.488094084477477,0.6591101800975286,1.6839789285915827,-0.12451364896807118,0.1296316221069638,-0.2391306938239252,-0.4821339237607993,0.7441316687674976,1.0657901286544558
0.6329700671492376,0.6591101800975286,1.6839789285915827,-0.12451364896807118,-0.7028650336258314,-1.3053185006821908,-0.2964721245566014,0.49710724505397486,-1.4580701218804535
-1.2642154202190485,0.6591101800975286,-1.4099456121278608,-0.12451364896807118,-0.7028650336258314,-1.3053185006821908,1.1682326240409526,0.2500828213404521,-1.4580701218804535
2.2714484426036665,0.6591101800975286,0.137016658231861,-0.12451364896807118,1.7946249335725544,0.8270571130343405,-0.6883853680010268,-1.2320637209406844,-0.4485260216664897
0.11555584332152317,-1.5171970183377077,0.137016658231861,-0.12451364896807118,-0.7028650336258314,-0.2391306938239252,0.11887071496330608,-0.2439660260865934,0.561018078547474
0.8916771790630948,0.6591101800975286,1.6839789285915827,-0.12451364896807118,0.9621282778397591,0.8270571130343405,1.2655009471421959,0.2500828213404521,-0.9532980717734716
-0.6605654924200485,-1.5171970183377077,1.6839789285915827,-0.12451364896807118,-0.7028650336258314,0.8270571130343405,0.02550732454130979,1.2381805161945432,0.561018078547474
-0.22938697256361976,0.6591101800975286,0.137016658231861,-0.12451364896807118,-0.7028650336258314,-0.2391306938239252,-0.7213997988346605,-0.2439660260865934,1.0657901286544558
-0.4018583805061912,0.6591101800975286,0.137016658231861,-0.12451364896807118,-0.7028650336258314,0.8270571130343405,-0.17825916253939694,-0.2439660260865934,-0.9532980717734716
0.7192057711205233,-1.5171970183377077,1.6839789285915827,-2.019286568047418,-0.7028650336258314,-0.2391306938239252,3.3021008363094686,0.2500828213404521,-0.9532980717734716
-1.0055083083051914,-1.5171970183377077,-1.4099456121278608,1.7702592701112758,0.1296316221069638,0.8270571130343405,-0.6067367756167715,-0.2439660260865934,-1.4580701218804535
0.6329700671492376,0.6591101800975286,0.137016658231861,-2.019286568047418,-0.7028650336258314,-1.3053185006821908,-0.6901603374006846,0.2500828213404521,-0.9532980717734716
0.2880272512640947,0.6591101800975286,0.137016658231861,-2.019286568047418,0.9621282778397591,1.8932449198926062,-0.7121699579564403,-0.49099044980011614,1.0657901286544558
0.029320139350237445,0.6591101800975286,0.137016658231861,-0.12451364896807118,-0.7028650336258314,-1.3053185006821908,-0.5524227119872451,-0.49099044980011614,-0.9532980717734716
0.029320139350237445,0.6591101800975286,0.137016658231861,-0.12451364896807118,-0.7028650336258314,-0.2391306938239252,-0.3337464819494136,1.2381805161945432,1.0657901286544558
-1.1779797162477628,0.6591101800975286,-1.4099456121278608,-0.12451364896807118,-0.7028650336258314,-0.2391306938239252,-1.0021999578605125,-1.2320637209406844,1.5705621787614377
1.150384290976952,0.6591101800975286,-1.4099456121278608,-0.12451364896807118,-0.7028650336258314,0.8270571130343405,-0.9361710961932451,-0.7380148735136389,-0.9532980717734716
0.3742629552353804,0.6591101800975286,0.137016658231861,1.7702592701112758,0.9621282778397591,0.8270571130343405,-0.6713456617643127,-0.49099044980011614,1.0657901286544558
1.4090914028908093,0.6591101800975286,0.137016658231861,-0.12451364896807118,1.7946249335725544,0.8270571130343405,-0.8310929077335079,-0.9850392972271617,0.05624602844049215
-1.0917440122764772,0.6591101800975286,-1.4099456121278608,1.7702592701112758,0.9621282778397591,-1.3053185006821908,-0.476099027801963,-0.2439660260865934,1.0657901286544558
-0.4018583805061912,-1.5171970183377077,0.137016658231861,1.7702592701112758,0.9621282778397591,0.8270571130343405,-0.1335299336680223,-0.9026978226559874,-0.9532980717734716
2.6163912584888096,-1.5171970183377077,-1.4099456121278608,-0.12451364896807118,1.7946249335725544,-0.2391306938239252,-0.8829220142035134,-0.9850392972271617,1.0657901286544558
-0.9192726043339057,0.6591101800975286,-1.4099456121278608,-0.12451364896807118,-0.7028650336258314,-0.2391306938239252,-0.855942479328716,-0.2439660260865934,1.0657901286544558
-0.14315126859233404,0.6591101800975286,0.137016658231861,-0.12451364896807118,-0.7028650336258314,0.8270571130343405,-0.4711291134829214,-0.2439660260865934,-1.4580701218804535
-1.0055083083051914,0.6591101800975286,0.137016658231861,-0.12451364896807118,-0.7028650336258314,1.8932449198926062,-0.09270563747589464,-0.7380148735136389,1.0657901286544558
1.0641485870056662,0.6591101800975286,0.137016658231861,-0.12451364896807118,-0.7028650336258314,-1.3053185006821908,-0.7998534462995319,0.2500828213404521,1.0657901286544558
-0.5743297884487627,-1.5171970183377077,0.137016658231861,-0.12451364896807118,-0.7028650336258314,-1.3053185006821908,0.24205359129955212,-0.49099044980011614,-0.9532980717734716
-0.6605654924200485,0.6591101800975286,0.137016658231861,-0.12451364896807118,-0.7028650336258314,-1.3053185006821908,0.31660230608517653,0.2500828213404521,0.561018078547474
-0.7468011963913341,0.6591101800975286,0.137016658231861,-0.12451364896807118,0.9621282778397591,0.8270571130343405,-0.7299196519530176,-1.2320637209406844,0.561018078547474
0.9779128830343805,0.6591101800975286,0.137016658231861,-2.019286568047418,0.1296316221069638,-0.2391306938239252,3.31381563434721,1.2381805161945432,0.05624602844049215
-0.488094084477477,0.6591101800975286,0.137016658231861,-0.12451364896807118,-0.7028650336258314,-0.2391306938239252,-0.7884936421417225,-0.2439660260865934,-0.9532980717734716
-0.22938697256361976,-1.5171970183377077,0.137016658231861,-0.12451364896807118,0.9621282778397591,-0.2391306938239252,-0.793463556460764,-0.2439660260865934,-0.9532980717734716
-1.0055083083051914,0.6591101800975286,0.137016658231861,-0.12451364896807118,0.1296316221069638,-0.2391306938239252,0.8228235788675594,4.202473600756816,1.0657901286544558
1.5815628108333808,0.6591101800975286,1.6839789285915827,-0.12451364896807118,2.6271215893053497,0.8270571130343405,0.46640972341628845,0.2500828213404521,-1.4580701218804535
-0.488094084477477,0.6591101800975286,1.6839789285915827,-0.12451364896807118,0.9621282778397591,0.8270571130343405,2.7607351694138624,1.2381805161945432,-0.9532980717734716
-0.05691556462104829,-1.5171970183377077,-1.4099456121278608,-0.12451364896807118,1.7946249335725544,0.8270571130343405,0.060296724774601185,-0.7380148735136389,0.05624602844049215
2.702626962460095,-1.5171970183377077,0.137016658231861,-0.12451364896807118,-0.7028650336258314,-0.2391306938239252,0.21116912374550773,-0.2439660260865934,1.5705621787614377
-0.22938697256361976,0.6591101800975286,0.137016658231861,-0.12451364896807118,-0.7028650336258314,0.8270571130343405,0.664851302298022,0.2500828213404521,0.561018078547474
-1.0055083083051914,-1.5171970183377077,0.137016658231861,-0.12451364896807118,-0.7028650336258314,0.8270571130343405,-0.832512883253234,-1.2320637209406844,1.0657901286544558
-0.488094084477477,0.6591101800975286,0.137016658231861,1.7702592701112758,-0.7028650336258314,-0.2391306938239252,-0.45266943172648105,-0.7380148735136389,-0.9532980717734716
-0.22938697256361976,-1.5171970183377077,0.137016658231861,1.7702592701112758,-0.7028650336258314,-1.3053185006821908,0.24453854845907294,-0.2439660260865934,-0.9532980717734716
-0.05691556462104829,0.6591101800975286,-1.4099456121278608,-0.12451364896807118,0.1296316221069638,-1.3053185006821908,0.3915060147507325,-0.2439660260865934,-0.9532980717734716
-1.0917440122764772,0.6591101800975286,0.137016658231861,1.7702592701112758,2.6271215893053497,0.8270571130343405,0.032252208260009144,-0.49099044980011614,-0.9532980717734716
1.150384290976952,0.6591101800975286,-1.4099456121278608,-0.12451364896807118,0.9621282778397591,1.8932449198926062,-0.6504010228483516,-0.2439660260865934,1.0657901286544558
-0.7468011963913341,0.6591101800975286,0.137016658231861,-0.12451364896807118,-0.7028650336258314,-1.3053185006821908,-0.575142320302864,-0.7380148735136389,0.561018078547474
0.6329700671492376,0.6591101800975286,0.137016658231861,-0.12451364896807118,-0.7028650336258314,-0.2391306938239252,0.27684299153284353,0.2500828213404521,0.561018078547474
-0.5743297884487627,0.6591101800975286,0.137016658231861,-0.12451364896807118,0.1296316221069638,-0.2391306938239252,-0.13530490306768,0.2500828213404521,1.0657901286544558
-0.8330369003626199,-1.5171970183377077,0.137016658231861,-0.12451364896807118,-0.7028650336258314,0.8270571130343405,-0.18216409521864393,0.9911560924810203,-1.4580701218804535
-0.7468011963913341,0.6591101800975286,0.137016658231861,-0.12451364896807118,0.9621282778397591,1.8932449198926062,-0.6851904230816429,-0.9026978226559874,1.0657901286544558
-1.1779797162477628,0.6591101800975286,0.137016658231861,-0.12451364896807118,-0.7028650336258314,-0.2391306938239252,-0.6908703251605477,-0.7380148735136389,1.0657901286544558
-1.0055083083051914,-1.5171970183377077,0.137016658231861,1.7702592701112758,-0.7028650336258314,0.8270571130343405,-0.6117066899358131,-1.2320637209406844,1.0657901286544558
-0.3156226765349055,-1.5171970183377077,-1.4099456121278608,-0.12451364896807118,0.1296316221069638,-1.3053185006821908,-0.7082650252771934,0.2500828213404521,1.0657901286544558
-0.488094084477477,0.6591101800975286,0.137016658231861,-0.12451364896807118,-0.7028650336258314,-0.2391306938239252,-0.9365260900731767,-0.7380148735136389,1.5705621787614377
-1.0917440122764772,-1.5171970183377077,0.137016658231861,-0.12451364896807118,-0.7028650336258314,-1.3053185006821908,-1.0043299211401018,-1.2320637209406844,0.05624602844049215
-0.5743297884487627,0.6591101800975286,0.137016658231861,-0.12451364896807118,0.1296316221069638,-0.2391306938239252,-0.6532409738878039,-0.9850392972271617,-0.9532980717734716
-0.5743297884487627,-1.5171970183377077,0.137016658231861,-0.12451364896807118,2.6271215893053497,-1.3053185006821908,0.02834727558076215,0.0030583976269293474,1.0657901286544558
-0.14315126859233404,0.6591101800975286,1.6839789285915827,-0.12451364896807118,0.1296316221069638,0.8270571130343405,-0.598571916378346,0.0030583976269293474,0.561018078547474
0.029320139350237445,0.6591101800975286,0.137016658231861,-0.12451364896807118,1.7946249335725544,0.8270571130343405,0.27151808333387034,1.7322293636215886,0.561018078547474
2.6163912584888096,0.6591101800975286,-1.4099456121278608,-0.12451364896807118,1.7946249335725544,-0.2391306938239252,-0.8914418673218705,-0.7380148735136389,1.0657901286544558
-1.0055083083051914,-1.5171970183377077,-1.4099456121278608,1.7702592701112758,0.9621282778397591,0.8270571130343405,0.5445083770012283,0.7441316687674976,-0.9532980717734716
-0.8330369003626199,0.6591101800975286,0.137016658231861,-0.12451364896807118,-0.7028650336258314,1.8932449198926062,0.3311570551623699,1.2381805161945432,1.0657901286544558
3.3062768902590953,0.6591101800975286,1.6839789285915827,-0.12451364896807118,-0.7028650336258314,0.8270571130343405,0.44333512122073804,0.2500828213404521,-1.4580701218804535
1.8402699227472379,0.6591101800975286,0.137016658231861,-2.019286568047418,-0.7028650336258314,-0.2391306938239252,-0.3735057965017466,1.2381805161945432,-0.9532980717734716
-0.4018583805061912,0.6591101800975286,0.137016658231861,-0.12451364896807118,0.1296316221069638,-0.2391306938239252,-0.6489810473286254,-1.2320637209406844,-1.4580701218804535
-0.8330369003626199,0.6591101800975286,1.6839789285915827,-0.12451364896807118,-0.7028650336258314,0.8270571130343405,0.4209705067850507,1.2381805161945432,1.0657901286544558
-0.05691556462104829,0.6591101800975286,0.137016658231861,-0.12451364896807118,-0.7028650336258314,0.8270571130343405,-0.33055153703002965,0.2500828213404521,-0.9532980717734716
-0.9192726043339057,0.6591101800975286,0.137016658231861,-0.12451364896807118,0.9621282778397591,-0.2391306938239252,-0.6365562615310213,-0.7380148735136389,1.0657901286544558
-0.7468011963913341,0.6591101800975286,-1.4099456121278608,-0.12451364896807118,-0.7028650336258314,-1.3053185006821908,-0.7487343275893894,-0.7380148735136389,-0.9532980717734716
-1.0917440122764772,-1.5171970183377077,0.137016658231861,-0.12451364896807118,0.9621282778397591,0.8270571130343405,-0.8097932749376151,-0.7380148735136389,1.5705621787614377
-0.8330369003626199,0.6591101800975286,0.137016658231861,-0.12451364896807118,0.9621282778397591,0.8270571130343405,0.6996407025313134,0.0030583976269293474,-0.9532980717734716
-0.9192726043339057,-1.5171970183377077,0.137016658231861,-0.12451364896807118,-0.7028650336258314,0.8270571130343405,0.8853025017355113,0.7441316687674976,1.0657901286544558
-1.43668682816162,-1.5171970183377077,0.137016658231861,1.7702592701112758,-0.7028650336258314,0.8270571130343405,-0.46047929708497504,-0.9850392972271617,0.561018078547474
-0.488094084477477,0.6591101800975286,0.137016658231861,-0.12451364896807118,-0.7028650336258314,-1.3053185006821908,-0.594666983699099,0.0030583976269293474,-0.9532980717734716
0.5467343631779519,0.6591101800975286,0.137016658231861,-2.019286568047418,-0.7028650336258314,-1.3053185006821908,0.7866142031145419,1.2381805161945432,-0.9532980717734716
2.185212738632381,0.6591101800975286,-1.4099456121278608,1.7702592701112758,0.1296316221069638,-0.2391306938239252,-0.18109911357884928,0.0030583976269293474,-1.4580701218804535
-0.22938697256361976,0.6591101800975286,0.137016658231861,1.7702592701112758,-0.7028650336258314,1.8932449198926062,-0.34013637178818135,0.0030583976269293474,0.05624602844049215
0.2017915472928089,0.6591101800975286,0.137016658231861,-0.12451364896807118,0.1296316221069638,-0.2391306938239252,-0.7316946213526753,0.2500828213404521,1.0657901286544558
-0.22938697256361976,0.6591101800975286,-1.4099456121278608,-0.12451364896807118,-0.7028650336258314,-1.3053185006821908,-0.2478379630059797,-0.7380148735136389,-0.9532980717734716
-1.0917440122764772,-1.5171970183377077,0.137016658231861,1.7702592701112758,-0.7028650336258314,-1.3053185006821908,-0.7316946213526753,-0.2439660260865934,-0.9532980717734716
-0.6605654924200485,0.6591101800975286,0.137016658231861,-0.12451364896807118,-0.7028650336258314,-0.2391306938239252,-0.784233715582544,-1.2320637209406844,1.0657901286544558
-0.3156226765349055,0.6591101800975286,0.137016658231861,-0.12451364896807118,2.6271215893053497,-0.2391306938239252,-0.18890897893734326,0.0030583976269293474,0.561018078547474
-0.6605654924200485,0.6591101800975286,0.137016658231861,-0.12451364896807118,-0.7028650336258314,0.8270571130343405,-0.35256115758578543,0.2500828213404521,1.0657901286544558
-1.0917440122764772,-1.5171970183377077,0.137016658231861,-0.12451364896807118,-0.7028650336258314,0.8270571130343405,-0.35114118206605927,0.0030583976269293474,0.561018078547474
-0.6605654924200485,0.6591101800975286,0.137016658231861,-0.12451364896807118,-0.7028650336258314,-1.3053185006821908,-0.7700339603852822,-0.7380148735136389,1.5705621787614377
-0.8330369003626199,-1.5171970183377077,0.137016658231861,1.7702592701112758,0.9621282778397591,-1.3053185006821908,-0.16512438898192977,0.2500828213404521,-0.9532980717734716
-0.5743297884487627,-1.5171970183377077,0.137016658231861,-0.12451364896807118,-0.7028650336258314,1.8932449198926062,-0.9209063593561887,-1.2320637209406844,1.0657901286544558
-0.05691556462104829,-1.5171970183377077,0.137016658231861,-2.019286568047418,1.7946249335725544,0.8270571130343405,0.7266202374061108,-0.49099044980011614,-0.9532980717734716
-1.0917440122764772,-1.5171970183377077,0.137016658231861,1.7702592701112758,-0.7028650336258314,-1.3053185006821908,-0.27197754684132475,-0.49099044980011614,-0.9532980717734716
-0.6605654924200485,0.6591101800975286,1.6839789285915827,1.7702592701112758,-0.7028650336258314,-0.2391306938239252,2.1728653042472246,1.2381805161945432,-0.9532980717734716
-0.6605654924200485,0.6591101800975286,0.137016658231861,-0.12451364896807118,-0.7028650336258314,-0.2391306938239252,-0.07708590675890666,2.226278211048634,1.0657901286544558
1.9265056267185237,-1.5171970183377077,-1.4099456121278608,-0.12451364896807118,-0.7028650336258314,-1.3053185006821908,-1.026694535575789,-0.7380148735136389,1.0657901286544558
0.2017915472928089,0.6591101800975286,0.137016658231861,-0.12451364896807118,0.9621282778397591,-0.2391306938239252,-1.0327294315346254,-1.2320637209406844,1.0657901286544558
-0.6605654924200485,0.6591101800975286,0.137016658231861,-0.12451364896807118,-0.7028650336258314,0.8270571130343405,-0.887891928522555,-0.7380148735136389,1.0657901286544558
-0.8330369003626199,0.6591101800975286,0.137016658231861,-0.12451364896807118,-0.7028650336258314,-1.3053185006821908,0.38795607595141707,1.7322293636215886,1.0657901286544558
-1.2642154202190485,0.6591101800975286,0.137016658231861,1.7702592701112758,0.1296316221069638,-0.2391306938239252,-0.08738072927692146,1.9792537873351113,1.0657901286544558
0.029320139350237445,0.6591101800975286,1.6839789285915827,-2.019286568047418,0.9621282778397591,-0.2391306938239252,3.156553345537535,2.226278211048634,-0.9532980717734716
0.4604986592066661,-1.5171970183377077,-1.4099456121278608,1.7702592701112758,0.9621282778397591,0.8270571130343405,-0.7217547927145921,-0.9850392972271617,0.05624602844049215
0.11555584332152317,-1.5171970183377077,0.137016658231861,-0.12451364896807118,-0.7028650336258314,0.8270571130343405,0.03651213481918768,-1.3967466700830329,-0.9532980717734716
0.2017915472928089,0.6591101800975286,-1.4099456121278608,-0.12451364896807118,-0.7028650336258314,-1.3053185006821908,-0.39267546601805,-0.7380148735136389,-0.9532980717734716
-0.05691556462104829,0.6591101800975286,0.137016658231861,-0.12451364896807118,0.9621282778397591,0.8270571130343405,-0.4608342909649066,-0.49099044980011614,1.0657901286544558
-0.14315126859233404,0.6591101800975286,1.6839789285915827,-0.12451364896807118,-0.7028650336258314,-0.2391306938239252,-0.5030785626767604,-0.7380148735136389,-0.9532980717734716
-0.9192726043339057,-1.5171970183377077,0.137016658231861,1.7702592701112758,0.9621282778397591,-1.3053185006821908,-0.6766705699632859,0.2500828213404521,-0.9532980717734716
-0.22938697256361976,0.6591101800975286,1.6839789285915827,1.7702592701112758,-0.7028650336258314,0.8270571130343405,0.5562231750389693,2.226278211048634,-1.4580701218804535
-0.4018583805061912,-1.5171970183377077,1.6839789285915827,-0.12451364896807118,1.7946249335725544,0.8270571130343405,-0.17577420537987612,0.0030583976269293474,-0.9532980717734716
-0.14315126859233404,0.6591101800975286,-1.4099456121278608,-0.12451364896807118,0.1296316221069638,0.8270571130343405,-0.5446128466287512,-1.2320637209406844,-1.4580701218804535
-0.8330369003626199,-1.5171970183377077,-2.9569078824875827,-0.12451364896807118,-0.7028650336258314,1.8932449198926062,-0.947175906471123,-0.7380148735136389,-1.4580701218804535
-1.1779797162477628,0.6591101800975286,0.137016658231861,-0.12451364896807118,-0.7028650336258314,-0.2391306938239252,-0.43953465816901394,0.2500828213404521,1.0657901286544558
-0.8330369003626199,-1.5171970183377077,-1.4099456121278608,1.7702592701112758,-0.7028650336258314,-1.3053185006821908,0.114255794524196,0.0030583976269293474,0.561018078547474
-1.0917440122764772,-1.5171970183377077,0.137016658231861,1.7702592701112758,-0.7028650336258314,-1.3053185006821908,-0.6514660044881462,0.2500828213404521,-0.9532980717734716
-1.0917440122764772,-1.5171970183377077,0.137016658231861,1.7702592701112758,-0.7028650336258314,0.8270571130343405,1.3666742029226862,1.2381805161945432,0.561018078547474
-0.5743297884487627,0.6591101800975286,0.137016658231861,-0.12451364896807118,0.9621282778397591,0.8270571130343405,0.09899105768713957,-0.49099044980011614,-0.9532980717734716
-1.1779797162477628,0.6591101800975286,0.137016658231861,1.7702592701112758,0.1296316221069638,-0.2391306938239252,-0.06572610260109722,0.2500828213404521,1.0657901286544558
-0.05691556462104829,0.6591101800975286,0.137016658231861,-0.12451364896807118,1.7946249335725544,-0.2391306938239252,-0.6628258086459556,-0.5733319243712904,-1.4580701218804535
-1.0917440122764772,-1.5171970183377077,-2.9569078824875827,1.7702592701112758,1.7946249335725544,-0.2391306938239252,0.1706998214333116,0.2500828213404521,1.0657901286544558
0.029320139350237445,0.6591101800975286,0.137016658231861,1.7702592701112758,-0.7028650336258314,-1.3053185006821908,1.4270231625110488,3.214375905902725,-1.4580701218804535
2.098977034661095,0.6591101800975286,1.6839789285915827,-0.12451364896807118,0.9621282778397591,-0.2391306938239252,1.132733236047798,-0.0792830769442449,-0.9532980717734716
-1.0917440122764772,0.6591101800975286,0.137016658231861,1.7702592701112758,-0.7028650336258314,1.8932449198926062,-0.7029401170782201,-0.7380148735136389,1.0657901286544558
-1.0917440122764772,0.6591101800975286,0.137016658231861,1.7702592701112758,-0.7028650336258314,-0.2391306938239252,-0.6188065675344441,-0.7380148735136389,1.0657901286544558
-1.0917440122764772,0.6591101800975286,0.137016658231861,-0.12451364896807118,-0.7028650336258314,1.8932449198926062,0.22572387282270107,1.2381805161945432,1.0657901286544558
0.8916771790630948,0.6591101800975286,0.137016658231861,-0.12451364896807118,2.6271215893053497,0.8270571130343405,-0.7554792113080888,-0.2439660260865934,1.0657901286544558
-1.0917440122764772,-1.5171970183377077,-1.4099456121278608,-0.12451364896807118,-0.7028650336258314,-0.2391306938239252,0.10502595364597583,-0.7380148735136389,1.0657901286544558
-0.6605654924200485,0.6591101800975286,1.6839789285915827,-0.12451364896807118,-0.7028650336258314,-0.2391306938239252,0.6946707882122718,0.7441316687674976,-0.9532980717734716
-0.6605654924200485,0.6591101800975286,0.137016658231861,-0.12451364896807118,2.6271215893053497,-1.3053185006821908,-0.21943845261145614,-0.2439660260865934,0.561018078547474
2.788862666431381,0.6591101800975286,-2.9569078824875827,-2.019286568047418,-0.7028650336258314,-0.2391306938239252,-0.7462493704298686,-0.4086489752289419,-0.9532980717734716
-0.7468011963913341,0.6591101800975286,-1.4099456121278608,-0.12451364896807118,0.9621282778397591,0.8270571130343405,-0.6986801905190416,-0.9026978226559874,-0.9532980717734716
-0.5743297884487627,-1.5171970183377077,0.137016658231861,-0.12451364896807118,-0.7028650336258314,0.8270571130343405,-0.9794803495448936,-1.2320637209406844,1.0657901286544558
-1.3504511241903343,-1.5171970183377077,0.137016658231861,-0.12451364896807118,2.6271215893053497,-0.2391306938239252,-0.6035418306973876,-0.8203563480848132,0.561018078547474
0.6329700671492376,0.6591101800975286,0.137016658231861,-0.12451364896807118,0.1296316221069638,-1.3053185006821908,-0.7363095417917854,-1.2320637209406844,-0.9532980717734716
0.9779128830343805,0.6591101800975286,-1.4099456121278608,-0.12451364896807118,-0.7028650336258314,-1.3053185006821908,-0.9038666531194746,-1.067380771798336,-0.9532980717734716
0.8916771790630948,0.6591101800975286,0.137016658231861,-0.12451364896807118,-0.7028650336258314,1.8932449198926062,-0.6866103986013691,-1.2320637209406844,-0.9532980717734716
-0.488094084477477,0.6591101800975286,0.137016658231861,-2.019286568047418,0.1296316221069638,-0.2391306938239252,-0.07389096183952276,0.2500828213404521,0.561018078547474
0.4604986592066661,0.6591101800975286,0.137016658231861,-0.12451364896807118,-0.7028650336258314,-1.3053185006821908,-0.20062377697508427,1.2381805161945432,0.561018078547474
-0.3156226765349055,-1.5171970183377077,0.137016658231861,1.7702592701112758,0.9621282778397591,-1.3053185006821908,-0.7072000436373987,0.2500828213404521,-0.9532980717734716
0.6329700671492376,0.6591101800975286,0.137016658231861,-0.12451364896807118,0.9621282778397591,0.8270571130343405,-0.3834456251398298,0.2500828213404521,-0.9532980717734716
-0.4018583805061912,0.6591101800975286,0.137016658231861,-2.019286568047418,-0.7028650336258314,0.8270571130343405,1.005645427032305,2.226278211048634,0.05624602844049215
-1.2642154202190485,0.6591101800975286,-1.4099456121278608,-0.12451364896807118,-0.7028650336258314,-1.3053185006821908,-0.7057800681176726,-0.7380148735136389,0.561018078547474
-0.488094084477477,0.6591101800975286,0.137016658231861,-0.12451364896807118,0.1296316221069638,-0.2391306938239252,0.10254099648645501,2.226278211048634,-1.4580701218804535
1.3228556989195235,0.6591101800975286,0.137016658231861,-2.019286568047418,0.9621282778397591,-1.3053185006821908,1.5029918528163992,-0.2439660260865934,-0.9532980717734716
-0.14315126859233404,-1.5171970183377077,1.6839789285915827,-0.12451364896807118,-0.7028650336258314,-0.2391306938239252,-0.43065981117072527,0.2500828213404521,0.561018078547474
-0.3156226765349055,0.6591101800975286,0.137016658231861,-0.12451364896807118,-0.7028650336258314,0.8270571130343405,-0.6202265430541702,-0.2439660260865934,-0.9532980717734716
-0.3156226765349055,0.6591101800975286,0.137016658231861,-0.12451364896807118,0.9621282778397591,0.8270571130343405,-0.10619540491329334,0.2500828213404521,-1.4580701218804535
1.9265056267185237,0.6591101800975286,0.137016658231861,-0.12451364896807118,0.9621282778397591,0.8270571130343405,-0.5005936055172396,0.7441316687674976,1.0657901286544558
1.4090914028908093,0.6591101800975286,0.137016658231861,-0.12451364896807118,1.7946249335725544,-1.3053185006821908,-1.0433792479325716,-1.2320637209406844,1.0657901286544558
0.11555584332152317,0.6591101800975286,1.6839789285915827,-0.12451364896807118,1.7946249335725544,0.8270571130343405,3.3624497958978314,2.226278211048634,1.0657901286544558
-1.0055083083051914,-1.5171970183377077,0.137016658231861,1.7702592701112758,0.9621282778397591,-1.3053185006821908,-0.7107499824367142,-0.49099044980011614,-0.4485260216664897
-0.22938697256361976,0.6591101800975286,0.137016658231861,-0.12451364896807118,0.1296316221069638,-1.3053185006821908,-0.32593661659091955,0.2500828213404521,0.561018078547474
-0.6605654924200485,-1.5171970183377077,0.137016658231861,-0.12451364896807118,-0.7028650336258314,-1.3053185006821908,0.13591042120002023,0.2500828213404521,1.0657901286544558
-0.8330369003626199,0.6591101800975286,-1.4099456121278608,-0.12451364896807118,0.1296316221069638,0.8270571130343405,0.35316667571812566,0.7441316687674976,-1.4580701218804535
-0.3156226765349055,0.6591101800975286,0.137016658231861,-0.12451364896807118,-0.7028650336258314,0.8270571130343405,-0.9145164695174208,-0.7380148735136389,0.05624602844049215
1.4090914028908093,0.6591101800975286,1.6839789285915827,-0.12451364896807118,0.9621282778397591,-0.2391306938239252,1.132733236047798,-0.7380148735136389,1.0657901286544558
-0.05691556462104829,-1.5171970183377077,0.137016658231861,-0.12451364896807118,-0.7028650336258314,0.8270571130343405,-0.7050700803578094,-0.7380148735136389,1.0657901286544558
-0.8330369003626199,0.6591101800975286,0.137016658231861,-0.12451364896807118,0.9621282778397591,0.8270571130343405,-0.42888484177106756,-0.9026978226559874,0.561018078547474
1.3228556989195235,0.6591101800975286,0.137016658231861,-0.12451364896807118,-0.7028650336258314,0.8270571130343405,-0.5971519408586198,-1.2320637209406844,1.0657901286544558
-0.9192726043339057,0.6591101800975286,-2.9569078824875827,-0.12451364896807118,-0.7028650336258314,-1.3053185006821908,-0.28546731427872346,-0.2439660260865934,0.561018078547474
0.029320139350237445,0.6591101800975286,1.6839789285915827,-2.019286568047418,-0.7028650336258314,-1.3053185006821908,0.7188103720476168,-0.2439660260865934,-0.9532980717734716
-0.05691556462104829,0.6591101800975286,0.137016658231861,1.7702592701112758,-0.7028650336258314,-0.2391306938239252,-0.4821339237607993,-0.9850392972271617,0.561018078547474
0.2017915472928089,0.6591101800975286,1.6839789285915827,-0.12451364896807118,2.6271215893053497,0.8270571130343405,0.8640028689396186,1.2381805161945432,-0.9532980717734716
-1.1779797162477628,-1.5171970183377077,0.137016658231861,1.7702592701112758,-0.7028650336258314,0.8270571130343405,-1.0096548293390748,-0.2439660260865934,1.0657901286544558
0.9779128830343805,0.6591101800975286,0.137016658231861,-0.12451364896807118,0.9621282778397591,0.8270571130343405,0.10680092304563356,2.226278211048634,1.0657901286544558
1.150384290976952,0.6591101800975286,-1.4099456121278608,-0.12451364896807118,0.9621282778397591,-1.3053185006821908,-0.7153649028758242,-0.7380148735136389,0.561018078547474
2.3576841465749525,0.6591101800975286,0.137016658231861,-0.12451364896807118,-0.7028650336258314,-1.3053185006821908,-0.12536507442959677,0.2500828213404521,-0.9532980717734716
-1.0917440122764772,0.6591101800975286,0.137016658231861,-0.12451364896807118,0.9621282778397591,-1.3053185006821908,-0.8438726874110435,-0.7380148735136389,-0.9532980717734716
1.5815628108333808,0.6591101800975286,0.137016658231861,-0.12451364896807118,-0.7028650336258314,-1.3053185006821908,-0.08028085167829056,2.226278211048634,-0.4485260216664897
-1.0917440122764772,0.6591101800975286,-2.9569078824875827,-0.12451364896807118,0.9621282778397591,-0.2391306938239252,4.003568743054202,-1.2320637209406844,-0.9532980717734716
-0.05691556462104829,0.6591101800975286,0.137016658231861,-0.12451364896807118,1.7946249335725544,0.8270571130343405,-0.3124468491535209,0.2500828213404521,1.0657901286544558
0.8916771790630948,0.6591101800975286,1.6839789285915827,-0.12451364896807118,0.9621282778397591,0.8270571130343405,-0.28440233263892883,0.0030583976269293474,-0.9532980717734716
2.098977034661095,0.6591101800975286,0.137016658231861,-2.019286568047418,-0.7028650336258314,0.8270571130343405,-0.44201961532853473,0.2500828213404521,-0.9532980717734716
1.150384290976952,-1.5171970183377077,0.137016658231861,-0.12451364896807118,-0.7028650336258314,-1.3053185006821908,-1.0114297987387326,-1.2320637209406844,0.561018078547474
-0.22938697256361976,-1.5171970183377077,0.137016658231861,-0.12451364896807118,0.9621282778397591,0.8270571130343405,-0.47929397272134694,0.2500828213404521,0.05624602844049215
0.7192057711205233,0.6591101800975286,0.137016658231861,-2.019286568047418,1.7946249335725544,0.8270571130343405,2.4316558427173205,2.226278211048634,-0.9532980717734716
-0.4018583805061912,0.6591101800975286,0.137016658231861,1.7702592701112758,-0.7028650336258314,-1.3053185006821908,-0.04123152488582063,0.2500828213404521,-1.4580701218804535
0.029320139350237445,0.6591101800975286,1.6839789285915827,1.7702592701112758,0.1296316221069638,-0.2391306938239252,1.309875182133639,0.2500828213404521,-1.4580701218804535
0.029320139350237445,0.6591101800975286,-1.4099456121278608,-0.12451364896807118,-0.7028650336258314,-1.3053185006821908,-0.6756055883234913,-1.2320637209406844,0.561018078547474
-0.4018583805061912,0.6591101800975286,1.6839789285915827,-0.12451364896807118,0.9621282778397591,0.8270571130343405,2.0127630643980976,1.2381805161945432,-0.9532980717734716
-0.8330369003626199,-1.5171970183377077,0.137016658231861,-0.12451364896807118,-0.7028650336258314,0.8270571130343405,-0.30996189199400004,-0.2439660260865934,1.0657901286544558
-0.7468011963913341,0.6591101800975286,0.137016658231861,-0.12451364896807118,2.6271215893053497,0.8270571130343405,0.8970172997732523,0.2500828213404521,-0.9532980717734716
-0.7468011963913341,-1.5171970183377077,0.137016658231861,-0.12451364896807118,-0.7028650336258314,-1.3053185006821908,-1.0416042785329138,-1.2320637209406844,-0.4485260216664897
0.9779128830343805,0.6591101800975286,0.137016658231861,-2.019286568047418,-0.7028650336258314,0.8270571130343405,0.6481665899412394,0.2500828213404521,1.0657901286544558
0.7192057711205233,0.6591101800975286,0.137016658231861,-0.12451364896807118,1.7946249335725544,0.8270571130343405,-0.7505092969890472,-0.7380148735136389,-0.9532980717734716
0.8916771790630948,-1.5171970183377077,0.137016658231861,1.7702592701112758,-0.7028650336258314,-1.3053185006821908,-0.5084034708757336,-0.49099044980011614,0.561018078547474
0.5467343631779519,-1.5171970183377077,0.137016658231861,-0.12451364896807118,-0.7028650336258314,-0.2391306938239252,0.1870295399101627,1.2381805161945432,1.0657901286544558
-0.6605654924200485,-1.5171970183377077,0.137016658231861,-0.12451364896807118,0.1296316221069638,-0.2391306938239252,-0.3546911208653747,-0.2439660260865934,-0.9532980717734716
0.6329700671492376,0.6591101800975286,0.137016658231861,-0.12451364896807118,0.9621282778397591,-0.2391306938239252,-0.13423992142788538,-0.2439660260865934,-0.9532980717734716
-0.6605654924200485,-1.5171970183377077,0.137016658231861,-0.12451364896807118,-0.7028650336258314,0.8270571130343405,-0.6727656372840388,-1.2320637209406844,1.0657901286544558
-0.3156226765349055,0.6591101800975286,0.137016658231861,-0.12451364896807118,-0.7028650336258314,-1.3053185006821908,-0.4753890400420999,0.2500828213404521,1.0657901286544558
2.788862666431381,0.6591101800975286,1.6839789285915827,-0.12451364896807118,-0.7028650336258314,-1.3053185006821908,4.124621656110858,-1.2320637209406844,-0.9532980717734716
2.3576841465749525,0.6591101800975286,0.137016658231861,-0.12451364896807118,0.9621282778397591,0.8270571130343405,1.5331663326105807,0.7441316687674976,-0.9532980717734716
1.150384290976952,0.6591101800975286,-1.4099456121278608,-0.12451364896807118,-0.7028650336258314,0.8270571130343405,-0.41930000701291587,-0.7380148735136389,0.05624602844049215
-1.3504511241903343,-1.5171970183377077,-1.4099456121278608,1.7702592701112758,-0.7028650336258314,-0.2391306938239252,-0.19849381369549499,0.2500828213404521,-0.9532980717734716
2.0127413306898094,-1.5171970183377077,0.137016658231861,-0.12451364896807118,0.9621282778397591,0.8270571130343405,0.6275769449052098,-0.49099044980011614,-0.9532980717734716
0.7192057711205233,0.6591101800975286,-1.4099456121278608,-0.12451364896807118,-0.7028650336258314,-0.2391306938239252,1.0390148517458702,-0.2439660260865934,1.5705621787614377
1.2366199949482377,0.6591101800975286,0.137016658231861,-2.019286568047418,-0.7028650336258314,-0.2391306938239252,1.0461147293445012,2.226278211048634,0.05624602844049215
0.029320139350237445,0.6591101800975286,0.137016658231861,-0.12451364896807118,-0.7028650336258314,0.8270571130343405,-0.6159666164949917,-0.7380148735136389,-1.4580701218804535
-1.2642154202190485,-1.5171970183377077,0.137016658231861,1.7702592701112758,-0.7028650336258314,0.8270571130343405,-0.25103290792536365,0.49710724505397486,-0.9532980717734716
-0.3156226765349055,0.6591101800975286,0.137016658231861,-2.019286568047418,-0.7028650336258314,0.8270571130343405,0.20797417882612382,0.2500828213404521,-1.4580701218804535
-0.8330369003626199,0.6591101800975286,0.137016658231861,1.7702592701112758,-0.7028650336258314,1.8932449198926062,-0.20949862397337288,-0.49099044980011614,-1.4580701218804535
-1.2642154202190485,-1.5171970183377077,0.137016658231861,-0.12451364896807118,0.9621282778397591,0.8270571130343405,-0.8488426017300851,-0.7380148735136389,1.0657901286544558
1.7540342187759521,-1.5171970183377077,0.137016658231861,-0.12451364896807118,-0.7028650336258314,0.8270571130343405,-0.6173865920147179,-1.2320637209406844,0.05624602844049215
-0.9192726043339057,-1.5171970183377077,1.6839789285915827,-0.12451364896807118,-0.7028650336258314,-1.3053185006821908,1.6996584622984752,1.2381805161945432,0.05624602844049215
0.5467343631779519,0.6591101800975286,0.137016658231861,-0.12451364896807118,0.9621282778397591,-0.2391306938239252,-0.3017970327555745,-0.2439660260865934,-1.4580701218804535
-0.8330369003626199,-1.5171970183377077,0.137016658231861,-0.12451364896807118,-0.7028650336258314,0.8270571130343405,-0.8925068489616651,-0.7380148735136389,0.561018078547474
1.495327106862095,0.6591101800975286,0.137016658231861,-2.019286568047418,-0.7028650336258314,-1.3053185006821908,0.5654530159171894,0.2500828213404521,-0.9532980717734716
0.2880272512640947,0.6591101800975286,-1.4099456121278608,-0.12451364896807118,0.1296316221069638,-0.2391306938239252,-0.7952385258604219,-0.7380148735136389,-1.4580701218804535
-0.8330369003626199,0.6591101800975286,0.137016658231861,-0.12451364896807118,0.1296316221069638,0.8270571130343405,-0.6979702027591785,0.2500828213404521,1.0657901286544558
0.5467343631779519,0.6591101800975286,1.6839789285915827,-0.12451364896807118,-0.7028650336258314,0.8270571130343405,2.5164993800209596,3.214375905902725,-0.9532980717734716
0.2017915472928089,0.6591101800975286,-1.4099456121278608,-0.12451364896807118,-0.7028650336258314,-0.2391306938239252,-0.6990351843989732,-0.49099044980011614,1.5705621787614377
0.9779128830343805,0.6591101800975286,-1.4099456121278608,-0.12451364896807118,1.7946249335725544,0.8270571130343405,-0.6961952333595208,-0.49099044980011614,1.0657901286544558
2.5301555545175236,0.6591101800975286,-2.9569078824875827,-0.12451364896807118,-0.7028650336258314,-1.3053185006821908,0.04148204913822931,1.7322293636215886,1.5705621787614377
-1.0917440122764772,-1.5171970183377077,0.137016658231861,1.7702592701112758,-0.7028650336258314,1.8932449198926062,-1.0242095784162681,-0.49099044980011614,0.05624602844049215
-0.14315126859233404,0.6591101800975286,0.137016658231861,-0.12451364896807118,-0.7028650336258314,-1.3053185006821908,0.2441835545791414,1.7322293636215886,1.0657901286544558
0.3742629552353804,0.6591101800975286,1.6839789285915827,-0.12451364896807118,0.1296316221069638,0.8270571130343405,0.4777695275740979,-0.49099044980011614,0.05624602844049215
-1.0917440122764772,0.6591101800975286,0.137016658231861,-0.12451364896807118,-0.7028650336258314,-0.2391306938239252,4.400096906937737,2.226278211048634,-1.4580701218804535
0.8054414750918091,0.6591101800975286,-1.4099456121278608,-0.12451364896807118,-0.7028650336258314,-1.3053185006821908,0.2587383036563347,0.5794487196251491,-0.9532980717734716
-1.0055083083051914,-1.5171970183377077,0.137016658231861,-0.12451364896807118,-0.7028650336258314,-0.2391306938239252,-0.4001303374966124,0.7441316687674976,-0.9532980717734716
-0.4018583805061912,-1.5171970183377077,0.137016658231861,-0.12451364896807118,-0.7028650336258314,0.8270571130343405,2.232504276075724,1.2381805161945432,1.0657901286544558
-0.9192726043339057,-1.5171970183377077,0.137016658231861,-0.12451364896807118,0.9621282778397591,-0.2391306938239252,-0.10158048447418325,0.7441316687674976,1.0657901286544558
1.495327106862095,-1.5171970183377077,0.137016658231861,-0.12451364896807118,-0.7028650336258314,-1.3053185006821908,-0.8811470448038556,-0.7380148735136389,0.05624602844049215
-1.0917440122764772,-1.5171970183377077,1.6839789285915827,-0.12451364896807118,-0.7028650336258314,1.8932449198926062,-0.4672241808036744,-0.2439660260865934,-0.9532980717734716
-1.0055083083051914,-1.5171970183377077,0.137016658231861,-0.12451364896807118,-0.7028650336258314,0.8270571130343405,-0.17364424210028684,-0.49099044980011614,0.561018078547474
-1.1779797162477628,-1.5171970183377077,0.137016658231861,1.7702592701112758,-0.7028650336258314,-1.3053185006821908,0.13236048240070478,-0.2439660260865934,0.561018078547474
-1.1779797162477628,0.6591101800975286,0.137016658231861,-0.12451364896807118,0.1296316221069638,-0.2391306938239252,-0.6259064451330749,-0.49099044980011614,1.5705621787614377
0.029320139350237445,0.6591101800975286,1.6839789285915827,-0.12451364896807118,1.7946249335725544,-0.2391306938239252,-0.32345165943139875,-0.7380148735136389,-0.9532980717734716
-0.7468011963913341,0.6591101800975286,0.137016658231861,-0.12451364896807118,-0.7028650336258314,-0.2391306938239252,-0.6695706923646549,-0.9850392972271617,-1.4580701218804535
0.11555584332152317,0.6591101800975286,0.137016658231861,-0.12451364896807118,0.1296316221069638,-0.2391306938239252,0.213299087025097,0.2500828213404521,-0.9532980717734716
0.029320139350237445,0.6591101800975286,0.137016658231861,-0.12451364896807118,2.6271215893053497,-0.2391306938239252,-0.4842638870403886,-0.2439660260865934,-1.4580701218804535
0.8054414750918091,0.6591101800975286,1.6839789285915827,-0.12451364896807118,-0.7028650336258314,-1.3053185006821908,2.0237678746759755,-0.5733319243712904,-0.9532980717734716
0.8916771790630948,0.6591101800975286,1.6839789285915827,-0.12451364896807118,0.9621282778397591,0.8270571130343405,1.5448811306483217,2.226278211048634,-1.4580701218804535
1.0641485870056662,0.6591101800975286,1.6839789285915827,-0.12451364896807118,0.9621282778397591,-0.2391306938239252,3.1689781313351393,2.226278211048634,-1.4580701218804535
0.3742629552353804,-1.5171970183377077,0.137016658231861,1.7702592701112758,-0.7028650336258314,-0.2391306938239252,-0.0980305456748678,-0.2439660260865934,0.561018078547474
0.029320139350237445,0.6591101800975286,0.137016658231861,-2.019286568047418,0.9621282778397591,0.8270571130343405,-0.9148714633973524,-1.2320637209406844,1.0657901286544558
-1.3504511241903343,0.6591101800975286,0.137016658231861,-0.12451364896807118,0.9621282778397591,-1.3053185006821908,-0.09980551507452552,0.2500828213404521,0.561018078547474
0.2017915472928089,0.6591101800975286,1.6839789285915827,-0.12451364896807118,0.9621282778397591,0.8270571130343405,-0.14843967662514718,-0.7380148735136389,-0.9532980717734716
0.2017915472928089,0.6591101800975286,0.137016658231861,-0.12451364896807118,0.9621282778397591,0.8270571130343405,0.2260788667026326,2.226278211048634,-1.4580701218804535
-0.5743297884487627,0.6591101800975286,0.137016658231861,-0.12451364896807118,-0.7028650336258314,-0.2391306938239252,-0.23008826900940246,-0.0792830769442449,2.0753342288684196
0.5467343631779519,-1.5171970183377077,0.137016658231861,1.7702592701112758,0.9621282778397591,-0.2391306938239252,-0.4658042052839482,0.2500828213404521,-0.9532980717734716
0.11555584332152317,0.6591101800975286,-1.4099456121278608,-0.12451364896807118,-0.7028650336258314,-0.2391306938239252,-0.7537042419084311,-0.9850392972271617,1.0657901286544558
-0.9192726043339057,-1.5171970183377077,-1.4099456121278608,-0.12451364896807118,-0.7028650336258314,1.8932449198926062,-0.337296420748729,-0.49099044980011614,1.0657901286544558
-0.05691556462104829,-1.5171970183377077,0.137016658231861,-2.019286568047418,-0.7028650336258314,-1.3053185006821908,-0.7380845111914431,-1.2320637209406844,0.05624602844049215
-1.3504511241903343,0.6591101800975286,0.137016658231861,-0.12451364896807118,-0.7028650336258314,0.8270571130343405,-0.6972602149993155,-0.9850392972271617,0.561018078547474
1.0641485870056662,0.6591101800975286,-1.4099456121278608,-0.12451364896807118,-0.7028650336258314,-0.2391306938239252,-0.5446128466287512,0.2500828213404521,1.0657901286544558
-0.6605654924200485,-1.5171970183377077,0.137016658231861,1.7702592701112758,0.1296316221069638,-0.2391306938239252,-0.22937828124953938,-0.49099044980011614,-0.9532980717734716
-0.488094084477477,0.6591101800975286,0.137016658231861,-0.12451364896807118,-0.7028650336258314,0.8270571130343405,-0.7288546703132229,-0.9850392972271617,-0.9532980717734716
-0.8330369003626199,-1.5171970183377077,0.137016658231861,1.7702592701112758,-0.7028650336258314,0.8270571130343405,-0.6706356740044496,-0.9850392972271617,0.561018078547474
0.4604986592066661,0.6591101800975286,-1.4099456121278608,1.7702592701112758,0.1296316221069638,0.8270571130343405,-0.6418811697299944,0.2500828213404521,-0.9532980717734716
1.0641485870056662,-1.5171970183377077,-1.4099456121278608,-2.019286568047418,0.1296316221069638,1.8932449198926062,-0.7231747682343183,-0.9026978226559874,-0.9532980717734716
-0.05691556462104829,0.6591101800975286,0.137016658231861,-0.12451364896807118,1.7946249335725544,-1.3053185006821908,-0.5669774610644385,-0.7380148735136389,1.0657901286544558
-0.22938697256361976,0.6591101800975286,0.137016658231861,1.7702592701112758,-0.7028650336258314,-1.3053185006821908,-0.3699558577024311,-0.0792830769442449,-0.9532980717734716
0.029320139350237445,0.6591101800975286,0.137016658231861,-0.12451364896807118,-0.7028650336258314,-1.3053185006821908,-0.6763155760833544,-0.7380148735136389,-0.9532980717734716
-0.5743297884487627,-1.5171970183377077,0.137016658231861,1.7702592701112758,2.6271215893053497,-0.2391306938239252,1.590675341159491,0.2500828213404521,-0.9532980717734716
-0.8330369003626199,0.6591101800975286,0.137016658231861,-0.12451364896807118,-0.7028650336258314,-1.3053185006821908,1.7578774586072485,1.2381805161945432,-0.9532980717734716
0.8054414750918091,0.6591101800975286,1.6839789285915827,-0.12451364896807118,-0.7028650336258314,0.8270571130343405,1.2367464428677406,-1.2320637209406844,-0.9532980717734716
-0.488094084477477,-1.5171970183377077,0.137016658231861,-0.12451364896807118,-0.7028650336258314,-1.3053185006821908,-0.5882770938603312,-0.7380148735136389,0.561018078547474
-0.5743297884487627,0.6591101800975286,0.137016658231861,-2.019286568047418,-0.7028650336258314,-1.3053185006821908,-0.40048533137654396,-0.7380148735136389,1.0657901286544558
-0.5743297884487627,0.6591101800975286,0.137016658231861,-0.12451364896807118,-0.7028650336258314,-1.3053185006821908,0.6751461248160368,1.2381805161945432,0.561018078547474
0.4604986592066661,0.6591101800975286,0.137016658231861,1.7702592701112758,-0.7028650336258314,0.8270571130343405,-0.6298113778123219,-0.7380148735136389,-0.9532980717734716
-0.4018583805061912,0.6591101800975286,-1.4099456121278608,-0.12451364896807118,-0.7028650336258314,-1.3053185006821908,-0.060046200522192505,0.7441316687674976,0.561018078547474
-0.6605654924200485,0.6591101800975286,-1.4099456121278608,-0.12451364896807118,-0.7028650336258314,-1.3053185006821908,-0.9312011818742035,-0.9850392972271617,-0.9532980717734716
2.185212738632381,0.6591101800975286,1.6839789285915827,-2.019286568047418,-0.7028650336258314,-0.2391306938239252,-0.4700641318431268,1.2381805161945432,-1.4580701218804535
0.2880272512640947,0.6591101800975286,-1.4099456121278608,-0.12451364896807118,0.9621282778397591,0.8270571130343405,2.186355071684623,2.720327058475679,-0.9532980717734716
3.3062768902590953,0.6591101800975286,-1.4099456121278608,-0.12451364896807118,-0.7028650336258314,0.8270571130343405,0.06065171865453273,-1.3144051955118587,-1.4580701218804535
-0.05691556462104829,-1.5171970183377077,1.6839789285915827,-0.12451364896807118,-0.7028650336258314,0.8270571130343405,-0.6688607046047919,-0.8203563480848132,-0.9532980717734716
0.4604986592066661,0.6591101800975286,-1.4099456121278608,-0.12451364896807118,-0.7028650336258314,0.8270571130343405,-0.9081265796786531,-0.7380148735136389,0.05624602844049215
0.8054414750918091,0.6591101800975286,-1.4099456121278608,-0.12451364896807118,-0.7028650336258314,-1.3053185006821908,-1.0430242540526402,-0.7380148735136389,0.05624602844049215
-1.0917440122764772,-1.5171970183377077,0.137016658231861,1.7702592701112758,0.1296316221069638,-0.2391306938239252,-0.6120616838157447,0.2500828213404521,1.0657901286544558
-0.22938697256361976,-1.5171970183377077,0.137016658231861,-0.12451364896807118,-0.7028650336258314,-0.2391306938239252,-0.011767032851502414,-0.2439660260865934,0.561018078547474
0.3742629552353804,-1.5171970183377077,0.137016658231861,-0.12451364896807118,1.7946249335725544,0.8270571130343405,1.5622758307649673,1.2381805161945432,0.561018078547474
-0.5743297884487627,0.6591101800975286,-1.4099456121278608,-0.12451364896807118,0.9621282778397591,1.8932449198926062,-0.6330063227317059,-1.3967466700830329,-0.9532980717734716
-0.9192726043339057,0.6591101800975286,0.137016658231861,1.7702592701112758,0.1296316221069638,-0.2391306938239252,-0.7146549151159611,-0.49099044980011614,-0.9532980717734716
-0.8330369003626199,-1.5171970183377077,0.137016658231861,1.7702592701112758,-0.7028650336258314,-1.3053185006821908,-0.05791623724260324,-0.2439660260865934,0.561018078547474
-0.22938697256361976,0.6591101800975286,0.137016658231861,-0.12451364896807118,-0.7028650336258314,0.8270571130343405,-0.6386862248106105,-0.49099044980011614,1.0657901286544558
-0.6605654924200485,-1.5171970183377077,0.137016658231861,1.7702592701112758,-0.7028650336258314,-1.3053185006821908,-0.6653107658054764,-0.49099044980011614,-0.9532980717734716
-0.8330369003626199,0.6591101800975286,1.6839789285915827,-0.12451364896807118,1.7946249335725544,0.8270571130343405,-0.014961977770886318,0.2500828213404521,1.0657901286544558
-0.22938697256361976,0.6591101800975286,0.137016658231861,-0.12451364896807118,-0.7028650336258314,0.8270571130343405,-0.5062735075961443,0.2500828213404521,1.0657901286544558
-0.6605654924200485,-1.5171970183377077,1.6839789285915827,-0.12451364896807118,0.1296316221069638,1.8932449198926062,-0.1257200683095283,0.0030583976269293474,-0.9532980717734716
0.11555584332152317,0.6591101800975286,0.137016658231861,-2.019286568047418,0.9621282778397591,0.8270571130343405,-0.35433612698544315,-0.7380148735136389,1.0657901286544558
1.150384290976952,0.6591101800975286,-1.4099456121278608,-0.12451364896807118,-0.7028650336258314,-0.2391306938239252,-0.05436629844328779,-0.7380148735136389,-0.9532980717734716
2.3576841465749525,0.6591101800975286,-1.4099456121278608,-0.12451364896807118,-0.7028650336258314,0.8270571130343405,-0.5758523080627271,-0.7380148735136389,1.0657901286544558
-1.0917440122764772,-1.5171970183377077,0.137016658231861,1.7702592701112758,0.9621282778397591,-1.3053185006821908,-0.73737452343158,-0.7380148735136389,0.05624602844049215
-0.6605654924200485,-1.5171970183377077,0.137016658231861,-0.12451364896807118,-0.7028650336258314,-0.2391306938239252,0.3350619878416169,0.7441316687674976,-1.4580701218804535
-0.488094084477477,-1.5171970183377077,0.137016658231861,-0.12451364896807118,-0.7028650336258314,0.8270571130343405,-0.788848636021654,-0.2439660260865934,-0.9532980717734716
1.7540342187759521,0.6591101800975286,0.137016658231861,-2.019286568047418,-0.7028650336258314,1.8932449198926062,0.5391834688022551,1.7322293636215886,-0.9532980717734716
-0.14315126859233404,0.6591101800975286,0.137016658231861,-0.12451364896807118,2.6271215893053497,0.8270571130343405,-0.24819295688591125,0.2500828213404521,1.0657901286544558
-0.4018583805061912,0.6591101800975286,0.137016658231861,-0.12451364896807118,-0.7028650336258314,-1.3053185006821908,-0.06146617604191869,-0.2439660260865934,-1.4580701218804535
-0.7468011963913341,0.6591101800975286,0.137016658231861,-0.12451364896807118,-0.7028650336258314,-1.3053185006821908,0.965886112479972,1.5675464144792401,0.05624602844049215
0.11555584332152317,0.6591101800975286,-1.4099456121278608,-0.12451364896807118,-0.7028650336258314,1.8932449198926062,0.23850365250023667,-0.9026978226559874,-0.9532980717734716
0.11555584332152317,0.6591101800975286,0.137016658231861,-0.12451364896807118,0.9621282778397591,0.8270571130343405,1.4667824770633817,1.2381805161945432,-1.4580701218804535
-0.3156226765349055,0.6591101800975286,0.137016658231861,-0.12451364896807118,0.9621282778397591,0.8270571130343405,1.4060785235950877,2.226278211048634,1.0657901286544558
